adaptive_n_back.EZ_drift,1.0
adaptive_n_back.EZ_non_decision,-1.0
adaptive_n_back.EZ_thresh,1.0
adaptive_n_back.acc,1.0
adaptive_n_back.avg_rt,-1.0
adaptive_n_back.avg_rt_error,1.0
adaptive_n_back.hddm_drift,1.0
adaptive_n_back.hddm_drift_load,1.0
adaptive_n_back.hddm_non_decision,1.0
adaptive_n_back.hddm_thresh,1.0
adaptive_n_back.hddm_thresh_load,1.0
adaptive_n_back.mean_load,1.0
adaptive_n_back.missed_percent,-1.0
adaptive_n_back.post_error_slowing,1.0
adaptive_n_back.std_rt,1.0
adaptive_n_back.std_rt_error,1.0
alcohol_drugs_survey_post__covid.psych_audit_post,-1.0
alcohol_drugs_survey_pre__covid.psych_audit_pre,-1.0
angling_risk_task_always_sunny.keep_adjusted_clicks,1.0
angling_risk_task_always_sunny.keep_coef_of_variation,1.0
angling_risk_task_always_sunny.keep_loss_percent,-1.0
angling_risk_task_always_sunny.keep_score,1.0
angling_risk_task_always_sunny.release_adjusted_clicks,1.0
angling_risk_task_always_sunny.release_coef_of_variation,1.0
angling_risk_task_always_sunny.release_loss_percent,-1.0
angling_risk_task_always_sunny.release_score,1.0
attention_network_task.EZ_drift,1.0
attention_network_task.EZ_drift_congruent,1.0
attention_network_task.EZ_drift_incongruent,1.0
attention_network_task.EZ_drift_neutral,1.0
attention_network_task.EZ_non_decision,-1.0
attention_network_task.EZ_non_decision_congruent,-1.0
attention_network_task.EZ_non_decision_incongruent,-1.0
attention_network_task.EZ_non_decision_neutral,-1.0
attention_network_task.EZ_thresh,1.0
attention_network_task.EZ_thresh_congruent,1.0
attention_network_task.EZ_thresh_incongruent,1.0
attention_network_task.EZ_thresh_neutral,1.0
attention_network_task.acc,1.0
attention_network_task.alerting_EZ_drift,1.0
attention_network_task.alerting_EZ_non_decision,1.0
attention_network_task.alerting_EZ_thresh,1.0
attention_network_task.alerting_acc,1.0
attention_network_task.alerting_hddm_drift,1.0
attention_network_task.alerting_rt,1.0
attention_network_task.avg_rt,-1.0
attention_network_task.avg_rt_error,1.0
attention_network_task.conflict_EZ_drift,1.0
attention_network_task.conflict_EZ_non_decision,1.0
attention_network_task.conflict_EZ_thresh,1.0
attention_network_task.conflict_acc,1.0
attention_network_task.conflict_hddm_drift,1.0
attention_network_task.conflict_rt,-1.0
attention_network_task.congruency_seq_acc,1.0
attention_network_task.congruency_seq_rt,1.0
attention_network_task.congruent_rt,1.0
attention_network_task.hddm_drift,1.0
attention_network_task.hddm_drift_congruent,1.0
attention_network_task.hddm_drift_incongruent,1.0
attention_network_task.hddm_drift_neutral,1.0
attention_network_task.hddm_non_decision,1.0
attention_network_task.hddm_thresh,1.0
attention_network_task.incongruent_rt,1.0
attention_network_task.missed_percent,-1.0
attention_network_task.neutral_rt,1.0
attention_network_task.orienting_EZ_drift,1.0
attention_network_task.orienting_EZ_non_decision,1.0
attention_network_task.orienting_EZ_thresh,1.0
attention_network_task.orienting_acc,1.0
attention_network_task.orienting_hddm_drift,1.0
attention_network_task.orienting_rt,1.0
attention_network_task.post_error_slowing,1.0
attention_network_task.std_rt,1.0
attention_network_task.std_rt_error,1.0
bickel_titrator.auc_large,1.0
bickel_titrator.auc_medium,1.0
bickel_titrator.auc_small,1.0
bickel_titrator.hyp_discount_rate_large,-1.0
bickel_titrator.hyp_discount_rate_medium,-1.0
bickel_titrator.hyp_discount_rate_small,-1.0
bickel_titrator.min_rss_large,-1.0
bickel_titrator.min_rss_medium,-1.0
bickel_titrator.min_rss_small,-1.0
bickel_titrator.num_trials_large,1.0
bickel_titrator.num_trials_medium,1.0
bickel_titrator.num_trials_small,1.0
bickel_titrator.warnings,1.0
bis11_survey.Attentional,-1.0
bis11_survey.Motor,-1.0
bis11_survey.Nonplanning,-1.0
bis11_survey.first_order_attention,-1.0
bis11_survey.first_order_cognitive_complexity,-1.0
bis11_survey.first_order_cognitive_stability,-1.0
bis11_survey.first_order_motor,-1.0
bis11_survey.first_order_perseverance,-1.0
bis11_survey.first_order_self_control,-1.0
bis11_survey.total,-1.0
bis_bas_survey.BAS_drive,1.0
bis_bas_survey.BAS_fun_seeking,1.0
bis_bas_survey.BAS_reward_responsiveness,1.0
bis_bas_survey.BAS_total,1.0
bis_bas_survey.BIS,1.0
brief_self_control_survey.self_control,1.0
choice_reaction_time.EZ_drift,1.0
choice_reaction_time.EZ_non_decision,-1.0
choice_reaction_time.EZ_thresh,1.0
choice_reaction_time.acc,1.0
choice_reaction_time.avg_rt,-1.0
choice_reaction_time.avg_rt_error,1.0
choice_reaction_time.hddm_drift,1.0
choice_reaction_time.hddm_non_decision,1.0
choice_reaction_time.hddm_thresh,1.0
choice_reaction_time.missed_percent,-1.0
choice_reaction_time.post_error_slowing,1.0
choice_reaction_time.std_rt,1.0
choice_reaction_time.std_rt_error,1.0
cognitive_reflection_survey.correct_proportion,1.0
cognitive_reflection_survey.intuitive_proportion,-1.0
columbia_card_task_cold.avg_cards_chosen,1.0
columbia_card_task_cold.gain_sensitivity,1.0
columbia_card_task_cold.information_use,1.0
columbia_card_task_cold.log_ll,1.0
columbia_card_task_cold.loss_sensitivity,1.0
columbia_card_task_cold.num_trials,1.0
columbia_card_task_cold.probability_sensitivity,1.0
columbia_card_task_hot.avg_cards_chosen,1.0
columbia_card_task_hot.gain_sensitivity,1.0
columbia_card_task_hot.information_use,1.0
columbia_card_task_hot.log_ll,1.0
columbia_card_task_hot.loss_sensitivity,1.0
columbia_card_task_hot.num_trials,1.0
columbia_card_task_hot.probability_sensitivity,1.0
crisis_behav_emot_media_post_survey__covid.crisis_comments,1.0
crisis_behav_emot_media_post_survey__covid.crisis_concentrated_post,1.0
crisis_behav_emot_media_post_survey__covid.crisis_digital_media_post,1.0
crisis_behav_emot_media_post_survey__covid.crisis_enjoy_post,1.0
crisis_behav_emot_media_post_survey__covid.crisis_exercise_post,1.0
crisis_behav_emot_media_post_survey__covid.crisis_fatigued_post,1.0
crisis_behav_emot_media_post_survey__covid.crisis_fidgety_post,1.0
crisis_behav_emot_media_post_survey__covid.crisis_general_concern,1.0
crisis_behav_emot_media_post_survey__covid.crisis_happy_post,1.0
crisis_behav_emot_media_post_survey__covid.crisis_irritable_post,1.0
crisis_behav_emot_media_post_survey__covid.crisis_lonely_post,1.0
crisis_behav_emot_media_post_survey__covid.crisis_negative_thoughts_post,1.0
crisis_behav_emot_media_post_survey__covid.crisis_outdoor_post,1.0
crisis_behav_emot_media_post_survey__covid.crisis_relaxed_post,1.0
crisis_behav_emot_media_post_survey__covid.crisis_sleep_hrs_weekend_post,1.0
crisis_behav_emot_media_post_survey__covid.crisis_sleeptime_weekdays_post,1.0
crisis_behav_emot_media_post_survey__covid.crisis_sleeptime_weekend_post,1.0
crisis_behav_emot_media_post_survey__covid.crisis_social_media_post,1.0
crisis_behav_emot_media_post_survey__covid.crisis_support_other_post,1.0
crisis_behav_emot_media_post_survey__covid.crisis_support_post,1.0
crisis_behav_emot_media_post_survey__covid.crisis_videogames_post,1.0
crisis_behav_emot_media_post_survey__covid.crisis_worried_post,1.0
crisis_behav_emot_media_pre_survey__covid.crisis_concentrated_pre,1.0
crisis_behav_emot_media_pre_survey__covid.crisis_digital_media_pre,1.0
crisis_behav_emot_media_pre_survey__covid.crisis_enjoy_pre,1.0
crisis_behav_emot_media_pre_survey__covid.crisis_exercise_pre,1.0
crisis_behav_emot_media_pre_survey__covid.crisis_fatigued_pre,1.0
crisis_behav_emot_media_pre_survey__covid.crisis_fidgety_pre,1.0
crisis_behav_emot_media_pre_survey__covid.crisis_happy_pre,1.0
crisis_behav_emot_media_pre_survey__covid.crisis_irritable_pre,1.0
crisis_behav_emot_media_pre_survey__covid.crisis_lonely_pre,1.0
crisis_behav_emot_media_pre_survey__covid.crisis_negative_thoughts_pre,1.0
crisis_behav_emot_media_pre_survey__covid.crisis_outdoor_pre,1.0
crisis_behav_emot_media_pre_survey__covid.crisis_relaxed_pre,1.0
crisis_behav_emot_media_pre_survey__covid.crisis_sleep_hrs_weekend_pre,1.0
crisis_behav_emot_media_pre_survey__covid.crisis_sleeptime_weekdays_pre,1.0
crisis_behav_emot_media_pre_survey__covid.crisis_sleeptime_weekend_pre,1.0
crisis_behav_emot_media_pre_survey__covid.crisis_social_media_pre,1.0
crisis_behav_emot_media_pre_survey__covid.crisis_videogames_pre,1.0
crisis_behav_emot_media_pre_survey__covid.crisis_worried_pre,1.0
crisis_health_exposure_survey__covid.crisis_exposed_corona,1.0
crisis_health_exposure_survey__covid.crisis_family_corona,1.0
crisis_health_exposure_survey__covid.crisis_family_events,1.0
crisis_health_exposure_survey__covid.crisis_had_corona,1.0
crisis_health_exposure_survey__covid.crisis_positive_change,1.0
crisis_health_exposure_survey__covid.crisis_positive_change_specify,1.0
crisis_health_exposure_survey__covid.crisis_seeking_info,1.0
crisis_health_exposure_survey__covid.crisis_symptoms,1.0
crisis_health_exposure_survey__covid.crisis_symptoms_other,1.0
crisis_health_exposure_survey__covid.crisis_worried_friends,1.0
crisis_health_exposure_survey__covid.crisis_worried_mental_health,1.0
crisis_health_exposure_survey__covid.crisis_worried_physical_health,1.0
crisis_health_exposure_survey__covid.crisis_worried_self,1.0
crisis_life_changes_survey__covid.crisis_change_contacts_outside,1.0
crisis_life_changes_survey__covid.crisis_concern_food,1.0
crisis_life_changes_survey__covid.crisis_concern_stability_living,1.0
crisis_life_changes_survey__covid.crisis_difficulty_cancellation,1.0
crisis_life_changes_survey__covid.crisis_difficulty_social_distance,1.0
crisis_life_changes_survey__covid.crisis_family_change_relationship,1.0
crisis_life_changes_survey__covid.crisis_family_stress_change,1.0
crisis_life_changes_survey__covid.crisis_financial_problems,1.0
crisis_life_changes_survey__covid.crisis_friends_change_relationship,1.0
crisis_life_changes_survey__covid.crisis_friends_stress_change,1.0
crisis_life_changes_survey__covid.crisis_hopeful_end_corona,1.0
crisis_life_changes_survey__covid.crisis_in_person_conversation,1.0
crisis_life_changes_survey__covid.crisis_job_going_workplace,1.0
crisis_life_changes_survey__covid.crisis_job_laid_off,1.0
crisis_life_changes_survey__covid.crisis_job_lost,1.0
crisis_life_changes_survey__covid.crisis_job_still_working,1.0
crisis_life_changes_survey__covid.crisis_job_teleworking,1.0
crisis_life_changes_survey__covid.crisis_school_assignments,1.0
crisis_life_changes_survey__covid.crisis_school_closed,1.0
crisis_life_changes_survey__covid.crisis_school_in_person,1.0
crisis_life_changes_survey__covid.crisis_school_in_session,1.0
crisis_life_changes_survey__covid.crisis_school_internet_access,1.0
crisis_life_changes_survey__covid.crisis_school_meals,1.0
crisis_life_changes_survey__covid.crisis_school_online,1.0
crisis_life_changes_survey__covid.crisis_stress_restrictions,1.0
crisis_life_changes_survey__covid.crisis_time_outside_home,1.0
demographics_survey__stanford__covid.BMI,-1.0
demographics_survey__stanford__covid.age,1.0
demographics_survey__stanford__covid.arrest_count,-1.0
demographics_survey__stanford__covid.caffeine_intake,1.0
demographics_survey__stanford__covid.car_debt,1.0
demographics_survey__stanford__covid.children_count,1.0
demographics_survey__stanford__covid.credit_card_debt,1.0
demographics_survey__stanford__covid.crisis_currentlyworking,1.0
demographics_survey__stanford__covid.crisis_esssentialworkers,1.0
demographics_survey__stanford__covid.crisis_healthinsurance,1.0
demographics_survey__stanford__covid.crisis_householdpeople,1.0
demographics_survey__stanford__covid.crisis_householdrelation,1.0
demographics_survey__stanford__covid.crisis_householdrooms,1.0
demographics_survey__stanford__covid.crisis_mentalhealth,1.0
demographics_survey__stanford__covid.crisis_military,1.0
demographics_survey__stanford__covid.crisis_moneysupport,1.0
demographics_survey__stanford__covid.crisis_occupation,1.0
demographics_survey__stanford__covid.crisis_physicalhealth,1.0
demographics_survey__stanford__covid.crisis_urbanicity,1.0
demographics_survey__stanford__covid.crisis_workersforcovid,1.0
demographics_survey__stanford__covid.crisis_workershome,1.0
demographics_survey__stanford__covid.divorce_count,1.0
demographics_survey__stanford__covid.education,1.0
demographics_survey__stanford__covid.education_debt,1.0
demographics_survey__stanford__covid.gambling_problem?,-1.0
demographics_survey__stanford__covid.height(feet),1.0
demographics_survey__stanford__covid.height(inches),1.0
demographics_survey__stanford__covid.height(tot_inches),1.0
demographics_survey__stanford__covid.hispanic?,1.0
demographics_survey__stanford__covid.home_status,1.0
demographics_survey__stanford__covid.household_income(dollars),1.0
demographics_survey__stanford__covid.longest_relationship(months),1.0
demographics_survey__stanford__covid.longest_relationship(years),1.0
demographics_survey__stanford__covid.mortage_debt,1.0
demographics_survey__stanford__covid.mturk_motivation,1.0
demographics_survey__stanford__covid.other_motivation,1.0
demographics_survey__stanford__covid.other_sources_of_debt,1.0
demographics_survey__stanford__covid.other_state,1.0
demographics_survey__stanford__covid.percent_retirement_in_stock,1.0
demographics_survey__stanford__covid.race,1.0
demographics_survey__stanford__covid.relationship_count,1.0
demographics_survey__stanford__covid.relationship_status,1.0
demographics_survey__stanford__covid.retirement_account?,1.0
demographics_survey__stanford__covid.sex,1.0
demographics_survey__stanford__covid.state,1.0
demographics_survey__stanford__covid.traffic_accident_count,-1.0
demographics_survey__stanford__covid.traffic_ticket_count,-1.0
demographics_survey__stanford__covid.weight(pounds),1.0
dickman_survey.dysfunctional,-1.0
dickman_survey.functional,1.0
dietary_decision.health_sensitivity,1.0
dietary_decision.log_ll,1.0
dietary_decision.num_trials,1.0
dietary_decision.prop_healthy_choice,1.0
dietary_decision.taste_sensitivity,-1.0
digit_span.forward_span,1.0
digit_span.reverse_span,1.0
directed_forgetting.EZ_drift,1.0
directed_forgetting.EZ_drift_con,1.0
directed_forgetting.EZ_drift_neg,1.0
directed_forgetting.EZ_drift_pos,1.0
directed_forgetting.EZ_non_decision,-1.0
directed_forgetting.EZ_non_decision_con,-1.0
directed_forgetting.EZ_non_decision_neg,-1.0
directed_forgetting.EZ_non_decision_pos,-1.0
directed_forgetting.EZ_thresh,1.0
directed_forgetting.EZ_thresh_con,1.0
directed_forgetting.EZ_thresh_neg,1.0
directed_forgetting.EZ_thresh_pos,1.0
directed_forgetting.acc,1.0
directed_forgetting.avg_rt,-1.0
directed_forgetting.avg_rt_error,1.0
directed_forgetting.hddm_drift,1.0
directed_forgetting.hddm_drift_con,1.0
directed_forgetting.hddm_drift_neg,1.0
directed_forgetting.hddm_drift_pos,1.0
directed_forgetting.hddm_non_decision,1.0
directed_forgetting.hddm_thresh,1.0
directed_forgetting.missed_percent,-1.0
directed_forgetting.post_error_slowing,1.0
directed_forgetting.proactive_interference_EZ_drift,1.0
directed_forgetting.proactive_interference_EZ_non_decision,1.0
directed_forgetting.proactive_interference_EZ_thresh,1.0
directed_forgetting.proactive_interference_acc,1.0
directed_forgetting.proactive_interference_hddm_drift,1.0
directed_forgetting.proactive_interference_rt,-1.0
directed_forgetting.std_rt,1.0
directed_forgetting.std_rt_error,1.0
discount_titrate.hyp_discount_rate_glm,-1.0
discount_titrate.hyp_discount_rate_glm_notnow,-1.0
discount_titrate.hyp_discount_rate_glm_now,-1.0
discount_titrate.hyp_discount_rate_nm,-1.0
discount_titrate.hyp_discount_rate_nm_notnow,-1.0
discount_titrate.hyp_discount_rate_nm_now,-1.0
discount_titrate.log_ll_glm,-1.0
discount_titrate.log_ll_glm_notnow,-1.0
discount_titrate.log_ll_glm_now,-1.0
discount_titrate.neg_log_ll_nm,-1.0
discount_titrate.neg_log_ll_nm_notnow,-1.0
discount_titrate.neg_log_ll_nm_now,1.0
discount_titrate.num_trials_glm,1.0
discount_titrate.num_trials_glm_notnow,1.0
discount_titrate.num_trials_glm_now,1.0
discount_titrate.num_trials_nm,1.0
discount_titrate.num_trials_nm_notnow,1.0
discount_titrate.num_trials_nm_now,1.0
discount_titrate.percent_patient,1.0
discount_titrate.warnings,1.0
dospert_eb_survey.ethical,1.0
dospert_eb_survey.financial,1.0
dospert_eb_survey.health_safety,1.0
dospert_eb_survey.recreational,1.0
dospert_eb_survey.social,1.0
dospert_rp_survey.ethical,1.0
dospert_rp_survey.financial,1.0
dospert_rp_survey.health_safety,1.0
dospert_rp_survey.recreational,1.0
dospert_rp_survey.social,1.0
dospert_rt_survey.ethical,1.0
dospert_rt_survey.financial,1.0
dospert_rt_survey.health_safety,1.0
dospert_rt_survey.recreational,1.0
dospert_rt_survey.social,1.0
dot_pattern_expectancy.AX_errors,-1.0
dot_pattern_expectancy.AX_rt,1.0
dot_pattern_expectancy.AY-BY_EZ_drift,1.0
dot_pattern_expectancy.AY-BY_EZ_non_decision,1.0
dot_pattern_expectancy.AY-BY_EZ_thresh,1.0
dot_pattern_expectancy.AY-BY_acc,1.0
dot_pattern_expectancy.AY-BY_hddm_drift,1.0
dot_pattern_expectancy.AY-BY_rt,1.0
dot_pattern_expectancy.AY_errors,-1.0
dot_pattern_expectancy.AY_rt,1.0
dot_pattern_expectancy.BX-BY_EZ_drift,1.0
dot_pattern_expectancy.BX-BY_EZ_non_decision,1.0
dot_pattern_expectancy.BX-BY_EZ_thresh,1.0
dot_pattern_expectancy.BX-BY_acc,1.0
dot_pattern_expectancy.BX-BY_hddm_drift,1.0
dot_pattern_expectancy.BX-BY_rt,1.0
dot_pattern_expectancy.BX_errors,-1.0
dot_pattern_expectancy.BX_rt,1.0
dot_pattern_expectancy.BY_errors,-1.0
dot_pattern_expectancy.BY_rt,1.0
dot_pattern_expectancy.EZ_drift,1.0
dot_pattern_expectancy.EZ_drift_AX,1.0
dot_pattern_expectancy.EZ_drift_AY,1.0
dot_pattern_expectancy.EZ_drift_BX,1.0
dot_pattern_expectancy.EZ_drift_BY,1.0
dot_pattern_expectancy.EZ_non_decision,-1.0
dot_pattern_expectancy.EZ_non_decision_AX,-1.0
dot_pattern_expectancy.EZ_non_decision_AY,-1.0
dot_pattern_expectancy.EZ_non_decision_BX,-1.0
dot_pattern_expectancy.EZ_non_decision_BY,-1.0
dot_pattern_expectancy.EZ_thresh,1.0
dot_pattern_expectancy.EZ_thresh_AX,1.0
dot_pattern_expectancy.EZ_thresh_AY,1.0
dot_pattern_expectancy.EZ_thresh_BX,1.0
dot_pattern_expectancy.EZ_thresh_BY,1.0
dot_pattern_expectancy.acc,1.0
dot_pattern_expectancy.avg_rt,-1.0
dot_pattern_expectancy.avg_rt_error,1.0
dot_pattern_expectancy.bias,1.0
dot_pattern_expectancy.dprime,1.0
dot_pattern_expectancy.hddm_drift,1.0
dot_pattern_expectancy.hddm_drift_AX,1.0
dot_pattern_expectancy.hddm_drift_AY,1.0
dot_pattern_expectancy.hddm_drift_BX,1.0
dot_pattern_expectancy.hddm_drift_BY,1.0
dot_pattern_expectancy.hddm_non_decision,1.0
dot_pattern_expectancy.hddm_thresh,1.0
dot_pattern_expectancy.missed_percent,-1.0
dot_pattern_expectancy.post_error_slowing,1.0
dot_pattern_expectancy.std_rt,1.0
dot_pattern_expectancy.std_rt_error,1.0
eating_survey.cognitive_restraint,1.0
eating_survey.emotional_eating,-1.0
eating_survey.total,1.0
eating_survey.uncontrolled_eating,-1.0
erq_survey.reappraisal,1.0
erq_survey.suppression,1.0
five_facet_mindfulness_survey.act_with_awareness,1.0
five_facet_mindfulness_survey.describe,1.0
five_facet_mindfulness_survey.nonjudge,1.0
five_facet_mindfulness_survey.nonreact,1.0
five_facet_mindfulness_survey.observe,1.0
five_facet_mindfulness_survey.total,1.0
future_time_perspective_survey.future_time_perspective,1.0
go_nogo.acc,1.0
go_nogo.bias,1.0
go_nogo.commission_errors,-1.0
go_nogo.dprime,1.0
go_nogo.go_acc,1.0
go_nogo.go_rt,1.0
go_nogo.nogo_acc,1.0
go_nogo.omission_errors,-1.0
grit_scale_survey.grit,1.0
hierarchical_rule.acc,1.0
hierarchical_rule.avg_rt,-1.0
hierarchical_rule.avg_rt_error,1.0
hierarchical_rule.missed_percent,-1.0
hierarchical_rule.post_error_slowing,1.0
hierarchical_rule.score,1.0
hierarchical_rule.std_rt,1.0
hierarchical_rule.std_rt_error,1.0
holt_laury_survey_correctlayout.beta,1.0
holt_laury_survey_correctlayout.neg_log_ll,1.0
holt_laury_survey_correctlayout.number_of_switches,1.0
holt_laury_survey_correctlayout.prob_weighting,-1.0
holt_laury_survey_correctlayout.risk_aversion,-1.0
holt_laury_survey_correctlayout.risky_choices,1.0
holt_laury_survey_correctlayout.safe_choices,1.0
holt_laury_survey_correctlayout.warnings,1.0
impulsive_venture_survey.impulsiveness,-1.0
impulsive_venture_survey.venturesomeness,1.0
information_sampling_task.Decreasing_Win_P_correct,1.0
information_sampling_task.Decreasing_Win_acc,1.0
information_sampling_task.Decreasing_Win_boxes_opened,1.0
information_sampling_task.Decreasing_Win_motivation,1.0
information_sampling_task.Decreasing_Win_total_points,1.0
information_sampling_task.Fixed_Win_P_correct,1.0
information_sampling_task.Fixed_Win_acc,1.0
information_sampling_task.Fixed_Win_boxes_opened,1.0
information_sampling_task.Fixed_Win_motivation,1.0
information_sampling_task.Fixed_Win_total_points,1.0
keep_track.score,1.0
kirby.exp_discount_rate,-1.0
kirby.exp_discount_rate_large,-1.0
kirby.exp_discount_rate_medium,-1.0
kirby.exp_discount_rate_small,-1.0
kirby.exp_match_pct,-1.0
kirby.exp_match_pct_large,-1.0
kirby.exp_match_pct_medium,-1.0
kirby.exp_match_pct_small,-1.0
kirby.hyp_discount_rate,-1.0
kirby.hyp_discount_rate_large,-1.0
kirby.hyp_discount_rate_medium,-1.0
kirby.hyp_discount_rate_small,-1.0
kirby.hyp_match_pct,-1.0
kirby.hyp_match_pct_large,-1.0
kirby.hyp_match_pct_medium,-1.0
kirby.hyp_match_pct_small,-1.0
kirby.percent_patient,1.0
kirby.percent_patient_large,1.0
kirby.percent_patient_medium,1.0
kirby.percent_patient_small,1.0
kirby.warnings,1.0
local_global_letter.EZ_drift,1.0
local_global_letter.EZ_drift_congruent,1.0
local_global_letter.EZ_drift_global,1.0
local_global_letter.EZ_drift_incongruent,1.0
local_global_letter.EZ_drift_local,1.0
local_global_letter.EZ_drift_neutral,1.0
local_global_letter.EZ_drift_stay,1.0
local_global_letter.EZ_drift_switch,1.0
local_global_letter.EZ_non_decision,-1.0
local_global_letter.EZ_non_decision_congruent,-1.0
local_global_letter.EZ_non_decision_global,-1.0
local_global_letter.EZ_non_decision_incongruent,-1.0
local_global_letter.EZ_non_decision_local,-1.0
local_global_letter.EZ_non_decision_neutral,-1.0
local_global_letter.EZ_non_decision_stay,-1.0
local_global_letter.EZ_non_decision_switch,-1.0
local_global_letter.EZ_thresh,1.0
local_global_letter.EZ_thresh_congruent,1.0
local_global_letter.EZ_thresh_global,1.0
local_global_letter.EZ_thresh_incongruent,1.0
local_global_letter.EZ_thresh_local,1.0
local_global_letter.EZ_thresh_neutral,1.0
local_global_letter.EZ_thresh_stay,1.0
local_global_letter.EZ_thresh_switch,1.0
local_global_letter.acc,1.0
local_global_letter.avg_rt,-1.0
local_global_letter.avg_rt_error,1.0
local_global_letter.conflict_EZ_drift,1.0
local_global_letter.conflict_EZ_non_decision,1.0
local_global_letter.conflict_EZ_thresh,1.0
local_global_letter.conflict_acc,1.0
local_global_letter.conflict_hddm_drift,1.0
local_global_letter.conflict_rt,-1.0
local_global_letter.congruency_seq_acc,1.0
local_global_letter.congruency_seq_rt,1.0
local_global_letter.congruent_facilitation_acc,1.0
local_global_letter.congruent_facilitation_rt,-1.0
local_global_letter.congruent_rt,-1.0
local_global_letter.global_bias_EZ_drift,1.0
local_global_letter.global_bias_EZ_non_decision,1.0
local_global_letter.global_bias_EZ_thresh,1.0
local_global_letter.global_bias_acc,1.0
local_global_letter.global_bias_hddm_drift,1.0
local_global_letter.global_bias_rt,-1.0
local_global_letter.global_conflict_rt,-1.0
local_global_letter.global_congruent_errors,-1.0
local_global_letter.global_congruent_rt,-1.0
local_global_letter.global_error_cost,1.0
local_global_letter.global_incongruent_errors,-1.0
local_global_letter.global_incongruent_rt,-1.0
local_global_letter.hddm_drift,1.0
local_global_letter.hddm_drift_congruent,1.0
local_global_letter.hddm_drift_global,1.0
local_global_letter.hddm_drift_incongruent,1.0
local_global_letter.hddm_drift_local,1.0
local_global_letter.hddm_drift_neutral,1.0
local_global_letter.hddm_drift_stay,1.0
local_global_letter.hddm_drift_switch,1.0
local_global_letter.hddm_non_decision,1.0
local_global_letter.hddm_thresh,1.0
local_global_letter.incongruent_harm_acc,1.0
local_global_letter.incongruent_harm_rt,-1.0
local_global_letter.incongruent_rt,-1.0
local_global_letter.local_conflict_rt,-1.0
local_global_letter.local_congruent_errors,-1.0
local_global_letter.local_congruent_rt,-1.0
local_global_letter.local_error_cost,-1.0
local_global_letter.local_incongruent_errors,-1.0
local_global_letter.local_incongruent_rt,-1.0
local_global_letter.missed_percent,-1.0
local_global_letter.post_error_slowing,1.0
local_global_letter.std_rt,1.0
local_global_letter.std_rt_error,1.0
local_global_letter.switch_cost_EZ_drift,1.0
local_global_letter.switch_cost_EZ_non_decision,1.0
local_global_letter.switch_cost_EZ_thresh,1.0
local_global_letter.switch_cost_acc,1.0
local_global_letter.switch_cost_hddm_drift,1.0
local_global_letter.switch_cost_rt,-1.0
loneliness_socialsupport_stress_post_survey__covid.loneliness_post,-1.0
loneliness_socialsupport_stress_post_survey__covid.pss_tot_post,-1.0
loneliness_socialsupport_stress_post_survey__covid.socsupp_fam_post,1.0
loneliness_socialsupport_stress_post_survey__covid.socsupp_fri_post,1.0
loneliness_socialsupport_stress_post_survey__covid.socsupp_so_post,1.0
loneliness_socialsupport_stress_post_survey__covid.socsupp_tot_post,1.0
loneliness_socialsupport_stress_pre_survey__covid.loneliness_pre,-1.0
loneliness_socialsupport_stress_pre_survey__covid.pss_tot_pre,-1.0
loneliness_socialsupport_stress_pre_survey__covid.socsupp_fam_pre,1.0
loneliness_socialsupport_stress_pre_survey__covid.socsupp_fri_pre,1.0
loneliness_socialsupport_stress_pre_survey__covid.socsupp_so_pre,1.0
loneliness_socialsupport_stress_pre_survey__covid.socsupp_tot_pre,1.0
mindful_attention_awareness_survey.mindfulness,1.0
mindset_illness_stress_survey__covid.mindset_covid_catastrophe,-1.0
mindset_illness_stress_survey__covid.mindset_pandemic_catastrophe,-1.0
mindset_illness_stress_survey__covid.mindset_pandemic_opportunity,-1.0
mindset_illness_stress_survey__covid.mindset_stress,1.0
motor_selective_stop_signal.EZ_drift,1.0
motor_selective_stop_signal.EZ_non_decision,-1.0
motor_selective_stop_signal.EZ_thresh,1.0
motor_selective_stop_signal.SSRT,-1.0
motor_selective_stop_signal.SS_delay,1.0
motor_selective_stop_signal.go_acc,1.0
motor_selective_stop_signal.go_rt,-1.0
motor_selective_stop_signal.go_rt_error,-1.0
motor_selective_stop_signal.go_rt_std,1.0
motor_selective_stop_signal.go_rt_std_error,1.0
motor_selective_stop_signal.hddm_drift,1.0
motor_selective_stop_signal.hddm_drift_critical,1.0
motor_selective_stop_signal.hddm_drift_go,1.0
motor_selective_stop_signal.hddm_drift_ignore,1.0
motor_selective_stop_signal.hddm_drift_non-critical,1.0
motor_selective_stop_signal.hddm_non_decision,1.0
motor_selective_stop_signal.hddm_thresh,1.0
motor_selective_stop_signal.ignore_acc,1.0
motor_selective_stop_signal.ignore_rt_error,-1.0
motor_selective_stop_signal.ignore_rt_error_std,1.0
motor_selective_stop_signal.proactive_control_hddm_drift,1.0
motor_selective_stop_signal.proactive_control_rt,1.0
motor_selective_stop_signal.reactive_control_hddm_drift,1.0
motor_selective_stop_signal.reactive_control_rt,-1.0
motor_selective_stop_signal.stop_acc,1.0
motor_selective_stop_signal.stop_rt_error,-1.0
motor_selective_stop_signal.stop_rt_error_std,1.0
mpq_control_survey.control,1.0
mturk_covid_DV.json.adaptive_n_back.EZ_drift,1.0
mturk_covid_DV.json.adaptive_n_back.EZ_non_decision,-1.0
mturk_covid_DV.json.adaptive_n_back.EZ_thresh,1.0
mturk_covid_DV.json.adaptive_n_back.acc,1.0
mturk_covid_DV.json.adaptive_n_back.avg_rt,-1.0
mturk_covid_DV.json.adaptive_n_back.avg_rt_error,1.0
mturk_covid_DV.json.adaptive_n_back.hddm_drift,1.0
mturk_covid_DV.json.adaptive_n_back.hddm_drift_load,1.0
mturk_covid_DV.json.adaptive_n_back.hddm_non_decision,1.0
mturk_covid_DV.json.adaptive_n_back.hddm_thresh,1.0
mturk_covid_DV.json.adaptive_n_back.hddm_thresh_load,1.0
mturk_covid_DV.json.adaptive_n_back.mean_load,1.0
mturk_covid_DV.json.adaptive_n_back.missed_percent,-1.0
mturk_covid_DV.json.adaptive_n_back.post_error_slowing,1.0
mturk_covid_DV.json.adaptive_n_back.std_rt,1.0
mturk_covid_DV.json.adaptive_n_back.std_rt_error,1.0
mturk_covid_DV.json.angling_risk_task_always_sunny.keep_adjusted_clicks,1.0
mturk_covid_DV.json.angling_risk_task_always_sunny.keep_coef_of_variation,1.0
mturk_covid_DV.json.angling_risk_task_always_sunny.keep_loss_percent,-1.0
mturk_covid_DV.json.angling_risk_task_always_sunny.keep_score,1.0
mturk_covid_DV.json.angling_risk_task_always_sunny.release_adjusted_clicks,1.0
mturk_covid_DV.json.angling_risk_task_always_sunny.release_coef_of_variation,1.0
mturk_covid_DV.json.angling_risk_task_always_sunny.release_loss_percent,-1.0
mturk_covid_DV.json.angling_risk_task_always_sunny.release_score,1.0
mturk_covid_DV.json.attention_network_task.EZ_drift,1.0
mturk_covid_DV.json.attention_network_task.EZ_drift_congruent,1.0
mturk_covid_DV.json.attention_network_task.EZ_drift_incongruent,1.0
mturk_covid_DV.json.attention_network_task.EZ_drift_neutral,1.0
mturk_covid_DV.json.attention_network_task.EZ_non_decision,-1.0
mturk_covid_DV.json.attention_network_task.EZ_non_decision_congruent,-1.0
mturk_covid_DV.json.attention_network_task.EZ_non_decision_incongruent,-1.0
mturk_covid_DV.json.attention_network_task.EZ_non_decision_neutral,-1.0
mturk_covid_DV.json.attention_network_task.EZ_thresh,1.0
mturk_covid_DV.json.attention_network_task.EZ_thresh_congruent,1.0
mturk_covid_DV.json.attention_network_task.EZ_thresh_incongruent,1.0
mturk_covid_DV.json.attention_network_task.EZ_thresh_neutral,1.0
mturk_covid_DV.json.attention_network_task.acc,1.0
mturk_covid_DV.json.attention_network_task.alerting_EZ_drift,1.0
mturk_covid_DV.json.attention_network_task.alerting_EZ_non_decision,1.0
mturk_covid_DV.json.attention_network_task.alerting_EZ_thresh,1.0
mturk_covid_DV.json.attention_network_task.alerting_acc,1.0
mturk_covid_DV.json.attention_network_task.alerting_hddm_drift,1.0
mturk_covid_DV.json.attention_network_task.alerting_rt,1.0
mturk_covid_DV.json.attention_network_task.avg_rt,-1.0
mturk_covid_DV.json.attention_network_task.avg_rt_error,1.0
mturk_covid_DV.json.attention_network_task.conflict_EZ_drift,1.0
mturk_covid_DV.json.attention_network_task.conflict_EZ_non_decision,1.0
mturk_covid_DV.json.attention_network_task.conflict_EZ_thresh,1.0
mturk_covid_DV.json.attention_network_task.conflict_acc,1.0
mturk_covid_DV.json.attention_network_task.conflict_hddm_drift,1.0
mturk_covid_DV.json.attention_network_task.conflict_rt,-1.0
mturk_covid_DV.json.attention_network_task.congruency_seq_acc,1.0
mturk_covid_DV.json.attention_network_task.congruency_seq_rt,1.0
mturk_covid_DV.json.attention_network_task.congruent_rt,1.0
mturk_covid_DV.json.attention_network_task.hddm_drift,1.0
mturk_covid_DV.json.attention_network_task.hddm_drift_congruent,1.0
mturk_covid_DV.json.attention_network_task.hddm_drift_incongruent,1.0
mturk_covid_DV.json.attention_network_task.hddm_drift_neutral,1.0
mturk_covid_DV.json.attention_network_task.hddm_non_decision,1.0
mturk_covid_DV.json.attention_network_task.hddm_thresh,1.0
mturk_covid_DV.json.attention_network_task.incongruent_rt,1.0
mturk_covid_DV.json.attention_network_task.missed_percent,-1.0
mturk_covid_DV.json.attention_network_task.neutral_rt,1.0
mturk_covid_DV.json.attention_network_task.orienting_EZ_drift,1.0
mturk_covid_DV.json.attention_network_task.orienting_EZ_non_decision,1.0
mturk_covid_DV.json.attention_network_task.orienting_EZ_thresh,1.0
mturk_covid_DV.json.attention_network_task.orienting_acc,1.0
mturk_covid_DV.json.attention_network_task.orienting_hddm_drift,1.0
mturk_covid_DV.json.attention_network_task.orienting_rt,1.0
mturk_covid_DV.json.attention_network_task.post_error_slowing,1.0
mturk_covid_DV.json.attention_network_task.std_rt,1.0
mturk_covid_DV.json.attention_network_task.std_rt_error,1.0
mturk_covid_DV.json.bickel_titrator.auc_large,1.0
mturk_covid_DV.json.bickel_titrator.auc_medium,1.0
mturk_covid_DV.json.bickel_titrator.auc_small,1.0
mturk_covid_DV.json.bickel_titrator.hyp_discount_rate_large,-1.0
mturk_covid_DV.json.bickel_titrator.hyp_discount_rate_medium,-1.0
mturk_covid_DV.json.bickel_titrator.hyp_discount_rate_small,-1.0
mturk_covid_DV.json.bickel_titrator.min_rss_large,-1.0
mturk_covid_DV.json.bickel_titrator.min_rss_medium,-1.0
mturk_covid_DV.json.bickel_titrator.min_rss_small,-1.0
mturk_covid_DV.json.bickel_titrator.num_trials_large,1.0
mturk_covid_DV.json.bickel_titrator.num_trials_medium,1.0
mturk_covid_DV.json.bickel_titrator.num_trials_small,1.0
mturk_covid_DV.json.bickel_titrator.warnings,1.0
mturk_covid_DV.json.bis11_survey.Attentional,-1.0
mturk_covid_DV.json.bis11_survey.Motor,-1.0
mturk_covid_DV.json.bis11_survey.Nonplanning,-1.0
mturk_covid_DV.json.bis11_survey.first_order_attention,-1.0
mturk_covid_DV.json.bis11_survey.first_order_cognitive_complexity,-1.0
mturk_covid_DV.json.bis11_survey.first_order_cognitive_stability,-1.0
mturk_covid_DV.json.bis11_survey.first_order_motor,-1.0
mturk_covid_DV.json.bis11_survey.first_order_perseverance,-1.0
mturk_covid_DV.json.bis11_survey.first_order_self_control,-1.0
mturk_covid_DV.json.bis11_survey.total,-1.0
mturk_covid_DV.json.bis_bas_survey.BAS_drive,1.0
mturk_covid_DV.json.bis_bas_survey.BAS_fun_seeking,1.0
mturk_covid_DV.json.bis_bas_survey.BAS_reward_responsiveness,1.0
mturk_covid_DV.json.bis_bas_survey.BAS_total,1.0
mturk_covid_DV.json.bis_bas_survey.BIS,1.0
mturk_covid_DV.json.brief_self_control_survey.self_control,1.0
mturk_covid_DV.json.choice_reaction_time.EZ_drift,1.0
mturk_covid_DV.json.choice_reaction_time.EZ_non_decision,-1.0
mturk_covid_DV.json.choice_reaction_time.EZ_thresh,1.0
mturk_covid_DV.json.choice_reaction_time.acc,1.0
mturk_covid_DV.json.choice_reaction_time.avg_rt,-1.0
mturk_covid_DV.json.choice_reaction_time.avg_rt_error,1.0
mturk_covid_DV.json.choice_reaction_time.hddm_drift,1.0
mturk_covid_DV.json.choice_reaction_time.hddm_non_decision,1.0
mturk_covid_DV.json.choice_reaction_time.hddm_thresh,1.0
mturk_covid_DV.json.choice_reaction_time.missed_percent,-1.0
mturk_covid_DV.json.choice_reaction_time.post_error_slowing,1.0
mturk_covid_DV.json.choice_reaction_time.std_rt,1.0
mturk_covid_DV.json.choice_reaction_time.std_rt_error,1.0
mturk_covid_DV.json.cognitive_reflection_survey.correct_proportion,1.0
mturk_covid_DV.json.cognitive_reflection_survey.intuitive_proportion,-1.0
mturk_covid_DV.json.columbia_card_task_cold.avg_cards_chosen,1.0
mturk_covid_DV.json.columbia_card_task_cold.gain_sensitivity,1.0
mturk_covid_DV.json.columbia_card_task_cold.information_use,1.0
mturk_covid_DV.json.columbia_card_task_cold.log_ll,1.0
mturk_covid_DV.json.columbia_card_task_cold.loss_sensitivity,1.0
mturk_covid_DV.json.columbia_card_task_cold.num_trials,1.0
mturk_covid_DV.json.columbia_card_task_cold.probability_sensitivity,1.0
mturk_covid_DV.json.columbia_card_task_hot.avg_cards_chosen,1.0
mturk_covid_DV.json.columbia_card_task_hot.gain_sensitivity,1.0
mturk_covid_DV.json.columbia_card_task_hot.information_use,1.0
mturk_covid_DV.json.columbia_card_task_hot.log_ll,1.0
mturk_covid_DV.json.columbia_card_task_hot.loss_sensitivity,1.0
mturk_covid_DV.json.columbia_card_task_hot.num_trials,1.0
mturk_covid_DV.json.columbia_card_task_hot.probability_sensitivity,1.0
mturk_covid_DV.json.crisis_behav_emot_media_post_survey__covid.crisis_comments,1.0
mturk_covid_DV.json.crisis_behav_emot_media_post_survey__covid.crisis_concentrated_post,1.0
mturk_covid_DV.json.crisis_behav_emot_media_post_survey__covid.crisis_digital_media_post,1.0
mturk_covid_DV.json.crisis_behav_emot_media_post_survey__covid.crisis_enjoy_post,1.0
mturk_covid_DV.json.crisis_behav_emot_media_post_survey__covid.crisis_exercise_post,1.0
mturk_covid_DV.json.crisis_behav_emot_media_post_survey__covid.crisis_fatigued_post,1.0
mturk_covid_DV.json.crisis_behav_emot_media_post_survey__covid.crisis_fidgety_post,1.0
mturk_covid_DV.json.crisis_behav_emot_media_post_survey__covid.crisis_general_concern,1.0
mturk_covid_DV.json.crisis_behav_emot_media_post_survey__covid.crisis_happy_post,1.0
mturk_covid_DV.json.crisis_behav_emot_media_post_survey__covid.crisis_irritable_post,1.0
mturk_covid_DV.json.crisis_behav_emot_media_post_survey__covid.crisis_lonely_post,1.0
mturk_covid_DV.json.crisis_behav_emot_media_post_survey__covid.crisis_negative_thoughts_post,1.0
mturk_covid_DV.json.crisis_behav_emot_media_post_survey__covid.crisis_outdoor_post,1.0
mturk_covid_DV.json.crisis_behav_emot_media_post_survey__covid.crisis_relaxed_post,1.0
mturk_covid_DV.json.crisis_behav_emot_media_post_survey__covid.crisis_sleep_hrs_weekend_post,1.0
mturk_covid_DV.json.crisis_behav_emot_media_post_survey__covid.crisis_sleeptime_weekdays_post,1.0
mturk_covid_DV.json.crisis_behav_emot_media_post_survey__covid.crisis_sleeptime_weekend_post,1.0
mturk_covid_DV.json.crisis_behav_emot_media_post_survey__covid.crisis_social_media_post,1.0
mturk_covid_DV.json.crisis_behav_emot_media_post_survey__covid.crisis_support_other_post,1.0
mturk_covid_DV.json.crisis_behav_emot_media_post_survey__covid.crisis_support_post,1.0
mturk_covid_DV.json.crisis_behav_emot_media_post_survey__covid.crisis_videogames_post,1.0
mturk_covid_DV.json.crisis_behav_emot_media_post_survey__covid.crisis_worried_post,1.0
mturk_covid_DV.json.crisis_behav_emot_media_pre_survey__covid.crisis_concentrated_pre,1.0
mturk_covid_DV.json.crisis_behav_emot_media_pre_survey__covid.crisis_digital_media_pre,1.0
mturk_covid_DV.json.crisis_behav_emot_media_pre_survey__covid.crisis_enjoy_pre,1.0
mturk_covid_DV.json.crisis_behav_emot_media_pre_survey__covid.crisis_exercise_pre,1.0
mturk_covid_DV.json.crisis_behav_emot_media_pre_survey__covid.crisis_fatigued_pre,1.0
mturk_covid_DV.json.crisis_behav_emot_media_pre_survey__covid.crisis_fidgety_pre,1.0
mturk_covid_DV.json.crisis_behav_emot_media_pre_survey__covid.crisis_happy_pre,1.0
mturk_covid_DV.json.crisis_behav_emot_media_pre_survey__covid.crisis_irritable_pre,1.0
mturk_covid_DV.json.crisis_behav_emot_media_pre_survey__covid.crisis_lonely_pre,1.0
mturk_covid_DV.json.crisis_behav_emot_media_pre_survey__covid.crisis_negative_thoughts_pre,1.0
mturk_covid_DV.json.crisis_behav_emot_media_pre_survey__covid.crisis_outdoor_pre,1.0
mturk_covid_DV.json.crisis_behav_emot_media_pre_survey__covid.crisis_relaxed_pre,1.0
mturk_covid_DV.json.crisis_behav_emot_media_pre_survey__covid.crisis_sleep_hrs_weekend_pre,1.0
mturk_covid_DV.json.crisis_behav_emot_media_pre_survey__covid.crisis_sleeptime_weekdays_pre,1.0
mturk_covid_DV.json.crisis_behav_emot_media_pre_survey__covid.crisis_sleeptime_weekend_pre,1.0
mturk_covid_DV.json.crisis_behav_emot_media_pre_survey__covid.crisis_social_media_pre,1.0
mturk_covid_DV.json.crisis_behav_emot_media_pre_survey__covid.crisis_videogames_pre,1.0
mturk_covid_DV.json.crisis_behav_emot_media_pre_survey__covid.crisis_worried_pre,1.0
mturk_covid_DV.json.crisis_health_exposure_survey__covid.crisis_exposed_corona,1.0
mturk_covid_DV.json.crisis_health_exposure_survey__covid.crisis_family_corona,1.0
mturk_covid_DV.json.crisis_health_exposure_survey__covid.crisis_family_events,1.0
mturk_covid_DV.json.crisis_health_exposure_survey__covid.crisis_had_corona,1.0
mturk_covid_DV.json.crisis_health_exposure_survey__covid.crisis_positive_change,1.0
mturk_covid_DV.json.crisis_health_exposure_survey__covid.crisis_positive_change_specify,1.0
mturk_covid_DV.json.crisis_health_exposure_survey__covid.crisis_seeking_info,1.0
mturk_covid_DV.json.crisis_health_exposure_survey__covid.crisis_symptoms,1.0
mturk_covid_DV.json.crisis_health_exposure_survey__covid.crisis_symptoms_other,1.0
mturk_covid_DV.json.crisis_health_exposure_survey__covid.crisis_worried_friends,1.0
mturk_covid_DV.json.crisis_health_exposure_survey__covid.crisis_worried_mental_health,1.0
mturk_covid_DV.json.crisis_health_exposure_survey__covid.crisis_worried_physical_health,1.0
mturk_covid_DV.json.crisis_health_exposure_survey__covid.crisis_worried_self,1.0
mturk_covid_DV.json.crisis_life_changes_survey__covid.crisis_change_contacts_outside,1.0
mturk_covid_DV.json.crisis_life_changes_survey__covid.crisis_concern_food,1.0
mturk_covid_DV.json.crisis_life_changes_survey__covid.crisis_concern_stability_living,1.0
mturk_covid_DV.json.crisis_life_changes_survey__covid.crisis_difficulty_cancellation,1.0
mturk_covid_DV.json.crisis_life_changes_survey__covid.crisis_difficulty_social_distance,1.0
mturk_covid_DV.json.crisis_life_changes_survey__covid.crisis_family_change_relationship,1.0
mturk_covid_DV.json.crisis_life_changes_survey__covid.crisis_family_stress_change,1.0
mturk_covid_DV.json.crisis_life_changes_survey__covid.crisis_financial_problems,1.0
mturk_covid_DV.json.crisis_life_changes_survey__covid.crisis_friends_change_relationship,1.0
mturk_covid_DV.json.crisis_life_changes_survey__covid.crisis_friends_stress_change,1.0
mturk_covid_DV.json.crisis_life_changes_survey__covid.crisis_hopeful_end_corona,1.0
mturk_covid_DV.json.crisis_life_changes_survey__covid.crisis_in_person_conversation,1.0
mturk_covid_DV.json.crisis_life_changes_survey__covid.crisis_job_going_workplace,1.0
mturk_covid_DV.json.crisis_life_changes_survey__covid.crisis_job_laid_off,1.0
mturk_covid_DV.json.crisis_life_changes_survey__covid.crisis_job_lost,1.0
mturk_covid_DV.json.crisis_life_changes_survey__covid.crisis_job_still_working,1.0
mturk_covid_DV.json.crisis_life_changes_survey__covid.crisis_job_teleworking,1.0
mturk_covid_DV.json.crisis_life_changes_survey__covid.crisis_school_assignments,1.0
mturk_covid_DV.json.crisis_life_changes_survey__covid.crisis_school_closed,1.0
mturk_covid_DV.json.crisis_life_changes_survey__covid.crisis_school_in_person,1.0
mturk_covid_DV.json.crisis_life_changes_survey__covid.crisis_school_in_session,1.0
mturk_covid_DV.json.crisis_life_changes_survey__covid.crisis_school_internet_access,1.0
mturk_covid_DV.json.crisis_life_changes_survey__covid.crisis_school_meals,1.0
mturk_covid_DV.json.crisis_life_changes_survey__covid.crisis_school_online,1.0
mturk_covid_DV.json.crisis_life_changes_survey__covid.crisis_stress_restrictions,1.0
mturk_covid_DV.json.crisis_life_changes_survey__covid.crisis_time_outside_home,1.0
mturk_covid_DV.json.demographics_survey__stanford__covid.BMI,-1.0
mturk_covid_DV.json.demographics_survey__stanford__covid.age,1.0
mturk_covid_DV.json.demographics_survey__stanford__covid.arrest_count,-1.0
mturk_covid_DV.json.demographics_survey__stanford__covid.caffeine_intake,1.0
mturk_covid_DV.json.demographics_survey__stanford__covid.car_debt,1.0
mturk_covid_DV.json.demographics_survey__stanford__covid.children_count,1.0
mturk_covid_DV.json.demographics_survey__stanford__covid.credit_card_debt,1.0
mturk_covid_DV.json.demographics_survey__stanford__covid.crisis_currentlyworking,1.0
mturk_covid_DV.json.demographics_survey__stanford__covid.crisis_esssentialworkers,1.0
mturk_covid_DV.json.demographics_survey__stanford__covid.crisis_healthinsurance,1.0
mturk_covid_DV.json.demographics_survey__stanford__covid.crisis_householdpeople,1.0
mturk_covid_DV.json.demographics_survey__stanford__covid.crisis_householdrelation,1.0
mturk_covid_DV.json.demographics_survey__stanford__covid.crisis_householdrooms,1.0
mturk_covid_DV.json.demographics_survey__stanford__covid.crisis_mentalhealth,1.0
mturk_covid_DV.json.demographics_survey__stanford__covid.crisis_military,1.0
mturk_covid_DV.json.demographics_survey__stanford__covid.crisis_moneysupport,1.0
mturk_covid_DV.json.demographics_survey__stanford__covid.crisis_occupation,1.0
mturk_covid_DV.json.demographics_survey__stanford__covid.crisis_physicalhealth,1.0
mturk_covid_DV.json.demographics_survey__stanford__covid.crisis_urbanicity,1.0
mturk_covid_DV.json.demographics_survey__stanford__covid.crisis_workersforcovid,1.0
mturk_covid_DV.json.demographics_survey__stanford__covid.crisis_workershome,1.0
mturk_covid_DV.json.demographics_survey__stanford__covid.divorce_count,1.0
mturk_covid_DV.json.demographics_survey__stanford__covid.education,1.0
mturk_covid_DV.json.demographics_survey__stanford__covid.education_debt,1.0
mturk_covid_DV.json.demographics_survey__stanford__covid.gambling_problem?,-1.0
mturk_covid_DV.json.demographics_survey__stanford__covid.height(feet),1.0
mturk_covid_DV.json.demographics_survey__stanford__covid.height(inches),1.0
mturk_covid_DV.json.demographics_survey__stanford__covid.height(tot_inches),1.0
mturk_covid_DV.json.demographics_survey__stanford__covid.hispanic?,1.0
mturk_covid_DV.json.demographics_survey__stanford__covid.home_status,1.0
mturk_covid_DV.json.demographics_survey__stanford__covid.household_income(dollars),1.0
mturk_covid_DV.json.demographics_survey__stanford__covid.longest_relationship(months),1.0
mturk_covid_DV.json.demographics_survey__stanford__covid.longest_relationship(years),1.0
mturk_covid_DV.json.demographics_survey__stanford__covid.mortage_debt,1.0
mturk_covid_DV.json.demographics_survey__stanford__covid.mturk_motivation,1.0
mturk_covid_DV.json.demographics_survey__stanford__covid.other_motivation,1.0
mturk_covid_DV.json.demographics_survey__stanford__covid.other_sources_of_debt,1.0
mturk_covid_DV.json.demographics_survey__stanford__covid.other_state,1.0
mturk_covid_DV.json.demographics_survey__stanford__covid.percent_retirement_in_stock,1.0
mturk_covid_DV.json.demographics_survey__stanford__covid.race,1.0
mturk_covid_DV.json.demographics_survey__stanford__covid.relationship_count,1.0
mturk_covid_DV.json.demographics_survey__stanford__covid.relationship_status,1.0
mturk_covid_DV.json.demographics_survey__stanford__covid.retirement_account?,1.0
mturk_covid_DV.json.demographics_survey__stanford__covid.sex,1.0
mturk_covid_DV.json.demographics_survey__stanford__covid.state,1.0
mturk_covid_DV.json.demographics_survey__stanford__covid.traffic_accident_count,-1.0
mturk_covid_DV.json.demographics_survey__stanford__covid.traffic_ticket_count,-1.0
mturk_covid_DV.json.demographics_survey__stanford__covid.weight(pounds),1.0
mturk_covid_DV.json.dickman_survey.dysfunctional,-1.0
mturk_covid_DV.json.dickman_survey.functional,1.0
mturk_covid_DV.json.dietary_decision.health_sensitivity,1.0
mturk_covid_DV.json.dietary_decision.log_ll,1.0
mturk_covid_DV.json.dietary_decision.num_trials,1.0
mturk_covid_DV.json.dietary_decision.prop_healthy_choice,1.0
mturk_covid_DV.json.dietary_decision.taste_sensitivity,-1.0
mturk_covid_DV.json.digit_span.forward_span,1.0
mturk_covid_DV.json.digit_span.reverse_span,1.0
mturk_covid_DV.json.directed_forgetting.EZ_drift,1.0
mturk_covid_DV.json.directed_forgetting.EZ_drift_con,1.0
mturk_covid_DV.json.directed_forgetting.EZ_drift_neg,1.0
mturk_covid_DV.json.directed_forgetting.EZ_drift_pos,1.0
mturk_covid_DV.json.directed_forgetting.EZ_non_decision,-1.0
mturk_covid_DV.json.directed_forgetting.EZ_non_decision_con,-1.0
mturk_covid_DV.json.directed_forgetting.EZ_non_decision_neg,-1.0
mturk_covid_DV.json.directed_forgetting.EZ_non_decision_pos,-1.0
mturk_covid_DV.json.directed_forgetting.EZ_thresh,1.0
mturk_covid_DV.json.directed_forgetting.EZ_thresh_con,1.0
mturk_covid_DV.json.directed_forgetting.EZ_thresh_neg,1.0
mturk_covid_DV.json.directed_forgetting.EZ_thresh_pos,1.0
mturk_covid_DV.json.directed_forgetting.acc,1.0
mturk_covid_DV.json.directed_forgetting.avg_rt,-1.0
mturk_covid_DV.json.directed_forgetting.avg_rt_error,1.0
mturk_covid_DV.json.directed_forgetting.hddm_drift,1.0
mturk_covid_DV.json.directed_forgetting.hddm_drift_con,1.0
mturk_covid_DV.json.directed_forgetting.hddm_drift_neg,1.0
mturk_covid_DV.json.directed_forgetting.hddm_drift_pos,1.0
mturk_covid_DV.json.directed_forgetting.hddm_non_decision,1.0
mturk_covid_DV.json.directed_forgetting.hddm_thresh,1.0
mturk_covid_DV.json.directed_forgetting.missed_percent,-1.0
mturk_covid_DV.json.directed_forgetting.post_error_slowing,1.0
mturk_covid_DV.json.directed_forgetting.proactive_interference_EZ_drift,1.0
mturk_covid_DV.json.directed_forgetting.proactive_interference_EZ_non_decision,1.0
mturk_covid_DV.json.directed_forgetting.proactive_interference_EZ_thresh,1.0
mturk_covid_DV.json.directed_forgetting.proactive_interference_acc,1.0
mturk_covid_DV.json.directed_forgetting.proactive_interference_hddm_drift,1.0
mturk_covid_DV.json.directed_forgetting.proactive_interference_rt,-1.0
mturk_covid_DV.json.directed_forgetting.std_rt,1.0
mturk_covid_DV.json.directed_forgetting.std_rt_error,1.0
mturk_covid_DV.json.discount_titrate.hyp_discount_rate_glm,-1.0
mturk_covid_DV.json.discount_titrate.hyp_discount_rate_glm_notnow,-1.0
mturk_covid_DV.json.discount_titrate.hyp_discount_rate_glm_now,-1.0
mturk_covid_DV.json.discount_titrate.hyp_discount_rate_nm,-1.0
mturk_covid_DV.json.discount_titrate.hyp_discount_rate_nm_notnow,-1.0
mturk_covid_DV.json.discount_titrate.hyp_discount_rate_nm_now,-1.0
mturk_covid_DV.json.discount_titrate.log_ll_glm,-1.0
mturk_covid_DV.json.discount_titrate.log_ll_glm_notnow,-1.0
mturk_covid_DV.json.discount_titrate.log_ll_glm_now,-1.0
mturk_covid_DV.json.discount_titrate.neg_log_ll_nm,-1.0
mturk_covid_DV.json.discount_titrate.neg_log_ll_nm_notnow,-1.0
mturk_covid_DV.json.discount_titrate.neg_log_ll_nm_now,1.0
mturk_covid_DV.json.discount_titrate.num_trials_glm,1.0
mturk_covid_DV.json.discount_titrate.num_trials_glm_notnow,1.0
mturk_covid_DV.json.discount_titrate.num_trials_glm_now,1.0
mturk_covid_DV.json.discount_titrate.num_trials_nm,1.0
mturk_covid_DV.json.discount_titrate.num_trials_nm_notnow,1.0
mturk_covid_DV.json.discount_titrate.num_trials_nm_now,1.0
mturk_covid_DV.json.discount_titrate.percent_patient,1.0
mturk_covid_DV.json.discount_titrate.warnings,1.0
mturk_covid_DV.json.dospert_eb_survey.ethical,1.0
mturk_covid_DV.json.dospert_eb_survey.financial,1.0
mturk_covid_DV.json.dospert_eb_survey.health_safety,1.0
mturk_covid_DV.json.dospert_eb_survey.recreational,1.0
mturk_covid_DV.json.dospert_eb_survey.social,1.0
mturk_covid_DV.json.dospert_rp_survey.ethical,1.0
mturk_covid_DV.json.dospert_rp_survey.financial,1.0
mturk_covid_DV.json.dospert_rp_survey.health_safety,1.0
mturk_covid_DV.json.dospert_rp_survey.recreational,1.0
mturk_covid_DV.json.dospert_rp_survey.social,1.0
mturk_covid_DV.json.dospert_rt_survey.ethical,1.0
mturk_covid_DV.json.dospert_rt_survey.financial,1.0
mturk_covid_DV.json.dospert_rt_survey.health_safety,1.0
mturk_covid_DV.json.dospert_rt_survey.recreational,1.0
mturk_covid_DV.json.dospert_rt_survey.social,1.0
mturk_covid_DV.json.dot_pattern_expectancy.AX_errors,-1.0
mturk_covid_DV.json.dot_pattern_expectancy.AX_rt,1.0
mturk_covid_DV.json.dot_pattern_expectancy.AY-BY_EZ_drift,1.0
mturk_covid_DV.json.dot_pattern_expectancy.AY-BY_EZ_non_decision,1.0
mturk_covid_DV.json.dot_pattern_expectancy.AY-BY_EZ_thresh,1.0
mturk_covid_DV.json.dot_pattern_expectancy.AY-BY_acc,1.0
mturk_covid_DV.json.dot_pattern_expectancy.AY-BY_hddm_drift,1.0
mturk_covid_DV.json.dot_pattern_expectancy.AY-BY_rt,1.0
mturk_covid_DV.json.dot_pattern_expectancy.AY_errors,-1.0
mturk_covid_DV.json.dot_pattern_expectancy.AY_rt,1.0
mturk_covid_DV.json.dot_pattern_expectancy.BX-BY_EZ_drift,1.0
mturk_covid_DV.json.dot_pattern_expectancy.BX-BY_EZ_non_decision,1.0
mturk_covid_DV.json.dot_pattern_expectancy.BX-BY_EZ_thresh,1.0
mturk_covid_DV.json.dot_pattern_expectancy.BX-BY_acc,1.0
mturk_covid_DV.json.dot_pattern_expectancy.BX-BY_hddm_drift,1.0
mturk_covid_DV.json.dot_pattern_expectancy.BX-BY_rt,1.0
mturk_covid_DV.json.dot_pattern_expectancy.BX_errors,-1.0
mturk_covid_DV.json.dot_pattern_expectancy.BX_rt,1.0
mturk_covid_DV.json.dot_pattern_expectancy.BY_errors,-1.0
mturk_covid_DV.json.dot_pattern_expectancy.BY_rt,1.0
mturk_covid_DV.json.dot_pattern_expectancy.EZ_drift,1.0
mturk_covid_DV.json.dot_pattern_expectancy.EZ_drift_AX,1.0
mturk_covid_DV.json.dot_pattern_expectancy.EZ_drift_AY,1.0
mturk_covid_DV.json.dot_pattern_expectancy.EZ_drift_BX,1.0
mturk_covid_DV.json.dot_pattern_expectancy.EZ_drift_BY,1.0
mturk_covid_DV.json.dot_pattern_expectancy.EZ_non_decision,-1.0
mturk_covid_DV.json.dot_pattern_expectancy.EZ_non_decision_AX,-1.0
mturk_covid_DV.json.dot_pattern_expectancy.EZ_non_decision_AY,-1.0
mturk_covid_DV.json.dot_pattern_expectancy.EZ_non_decision_BX,-1.0
mturk_covid_DV.json.dot_pattern_expectancy.EZ_non_decision_BY,-1.0
mturk_covid_DV.json.dot_pattern_expectancy.EZ_thresh,1.0
mturk_covid_DV.json.dot_pattern_expectancy.EZ_thresh_AX,1.0
mturk_covid_DV.json.dot_pattern_expectancy.EZ_thresh_AY,1.0
mturk_covid_DV.json.dot_pattern_expectancy.EZ_thresh_BX,1.0
mturk_covid_DV.json.dot_pattern_expectancy.EZ_thresh_BY,1.0
mturk_covid_DV.json.dot_pattern_expectancy.acc,1.0
mturk_covid_DV.json.dot_pattern_expectancy.avg_rt,-1.0
mturk_covid_DV.json.dot_pattern_expectancy.avg_rt_error,1.0
mturk_covid_DV.json.dot_pattern_expectancy.bias,1.0
mturk_covid_DV.json.dot_pattern_expectancy.dprime,1.0
mturk_covid_DV.json.dot_pattern_expectancy.hddm_drift,1.0
mturk_covid_DV.json.dot_pattern_expectancy.hddm_drift_AX,1.0
mturk_covid_DV.json.dot_pattern_expectancy.hddm_drift_AY,1.0
mturk_covid_DV.json.dot_pattern_expectancy.hddm_drift_BX,1.0
mturk_covid_DV.json.dot_pattern_expectancy.hddm_drift_BY,1.0
mturk_covid_DV.json.dot_pattern_expectancy.hddm_non_decision,1.0
mturk_covid_DV.json.dot_pattern_expectancy.hddm_thresh,1.0
mturk_covid_DV.json.dot_pattern_expectancy.missed_percent,-1.0
mturk_covid_DV.json.dot_pattern_expectancy.post_error_slowing,1.0
mturk_covid_DV.json.dot_pattern_expectancy.std_rt,1.0
mturk_covid_DV.json.dot_pattern_expectancy.std_rt_error,1.0
mturk_covid_DV.json.eating_survey.cognitive_restraint,1.0
mturk_covid_DV.json.eating_survey.emotional_eating,-1.0
mturk_covid_DV.json.eating_survey.total,1.0
mturk_covid_DV.json.eating_survey.uncontrolled_eating,-1.0
mturk_covid_DV.json.erq_survey.reappraisal,1.0
mturk_covid_DV.json.erq_survey.suppression,1.0
mturk_covid_DV.json.five_facet_mindfulness_survey.act_with_awareness,1.0
mturk_covid_DV.json.five_facet_mindfulness_survey.describe,1.0
mturk_covid_DV.json.five_facet_mindfulness_survey.nonjudge,1.0
mturk_covid_DV.json.five_facet_mindfulness_survey.nonreact,1.0
mturk_covid_DV.json.five_facet_mindfulness_survey.observe,1.0
mturk_covid_DV.json.five_facet_mindfulness_survey.total,1.0
mturk_covid_DV.json.future_time_perspective_survey.future_time_perspective,1.0
mturk_covid_DV.json.go_nogo.acc,1.0
mturk_covid_DV.json.go_nogo.bias,1.0
mturk_covid_DV.json.go_nogo.commission_errors,-1.0
mturk_covid_DV.json.go_nogo.dprime,1.0
mturk_covid_DV.json.go_nogo.go_acc,1.0
mturk_covid_DV.json.go_nogo.go_rt,1.0
mturk_covid_DV.json.go_nogo.nogo_acc,1.0
mturk_covid_DV.json.go_nogo.omission_errors,-1.0
mturk_covid_DV.json.grit_scale_survey.grit,1.0
mturk_covid_DV.json.hierarchical_rule.acc,1.0
mturk_covid_DV.json.hierarchical_rule.avg_rt,-1.0
mturk_covid_DV.json.hierarchical_rule.avg_rt_error,1.0
mturk_covid_DV.json.hierarchical_rule.missed_percent,-1.0
mturk_covid_DV.json.hierarchical_rule.post_error_slowing,1.0
mturk_covid_DV.json.hierarchical_rule.score,1.0
mturk_covid_DV.json.hierarchical_rule.std_rt,1.0
mturk_covid_DV.json.hierarchical_rule.std_rt_error,1.0
mturk_covid_DV.json.holt_laury_survey_correctlayout.beta,1.0
mturk_covid_DV.json.holt_laury_survey_correctlayout.neg_log_ll,1.0
mturk_covid_DV.json.holt_laury_survey_correctlayout.number_of_switches,1.0
mturk_covid_DV.json.holt_laury_survey_correctlayout.prob_weighting,-1.0
mturk_covid_DV.json.holt_laury_survey_correctlayout.risk_aversion,-1.0
mturk_covid_DV.json.holt_laury_survey_correctlayout.risky_choices,1.0
mturk_covid_DV.json.holt_laury_survey_correctlayout.safe_choices,1.0
mturk_covid_DV.json.holt_laury_survey_correctlayout.warnings,1.0
mturk_covid_DV.json.impulsive_venture_survey.impulsiveness,-1.0
mturk_covid_DV.json.impulsive_venture_survey.venturesomeness,1.0
mturk_covid_DV.json.information_sampling_task.Decreasing_Win_P_correct,1.0
mturk_covid_DV.json.information_sampling_task.Decreasing_Win_acc,1.0
mturk_covid_DV.json.information_sampling_task.Decreasing_Win_boxes_opened,1.0
mturk_covid_DV.json.information_sampling_task.Decreasing_Win_motivation,1.0
mturk_covid_DV.json.information_sampling_task.Decreasing_Win_total_points,1.0
mturk_covid_DV.json.information_sampling_task.Fixed_Win_P_correct,1.0
mturk_covid_DV.json.information_sampling_task.Fixed_Win_acc,1.0
mturk_covid_DV.json.information_sampling_task.Fixed_Win_boxes_opened,1.0
mturk_covid_DV.json.information_sampling_task.Fixed_Win_motivation,1.0
mturk_covid_DV.json.information_sampling_task.Fixed_Win_total_points,1.0
mturk_covid_DV.json.keep_track.score,1.0
mturk_covid_DV.json.kirby.exp_discount_rate,-1.0
mturk_covid_DV.json.kirby.exp_discount_rate_large,-1.0
mturk_covid_DV.json.kirby.exp_discount_rate_medium,-1.0
mturk_covid_DV.json.kirby.exp_discount_rate_small,-1.0
mturk_covid_DV.json.kirby.exp_match_pct,-1.0
mturk_covid_DV.json.kirby.exp_match_pct_large,-1.0
mturk_covid_DV.json.kirby.exp_match_pct_medium,-1.0
mturk_covid_DV.json.kirby.exp_match_pct_small,-1.0
mturk_covid_DV.json.kirby.hyp_discount_rate,-1.0
mturk_covid_DV.json.kirby.hyp_discount_rate_large,-1.0
mturk_covid_DV.json.kirby.hyp_discount_rate_medium,-1.0
mturk_covid_DV.json.kirby.hyp_discount_rate_small,-1.0
mturk_covid_DV.json.kirby.hyp_match_pct,-1.0
mturk_covid_DV.json.kirby.hyp_match_pct_large,-1.0
mturk_covid_DV.json.kirby.hyp_match_pct_medium,-1.0
mturk_covid_DV.json.kirby.hyp_match_pct_small,-1.0
mturk_covid_DV.json.kirby.percent_patient,1.0
mturk_covid_DV.json.kirby.percent_patient_large,1.0
mturk_covid_DV.json.kirby.percent_patient_medium,1.0
mturk_covid_DV.json.kirby.percent_patient_small,1.0
mturk_covid_DV.json.kirby.warnings,1.0
mturk_covid_DV.json.local_global_letter.EZ_drift,1.0
mturk_covid_DV.json.local_global_letter.EZ_drift_congruent,1.0
mturk_covid_DV.json.local_global_letter.EZ_drift_global,1.0
mturk_covid_DV.json.local_global_letter.EZ_drift_incongruent,1.0
mturk_covid_DV.json.local_global_letter.EZ_drift_local,1.0
mturk_covid_DV.json.local_global_letter.EZ_drift_neutral,1.0
mturk_covid_DV.json.local_global_letter.EZ_drift_stay,1.0
mturk_covid_DV.json.local_global_letter.EZ_drift_switch,1.0
mturk_covid_DV.json.local_global_letter.EZ_non_decision,-1.0
mturk_covid_DV.json.local_global_letter.EZ_non_decision_congruent,-1.0
mturk_covid_DV.json.local_global_letter.EZ_non_decision_global,-1.0
mturk_covid_DV.json.local_global_letter.EZ_non_decision_incongruent,-1.0
mturk_covid_DV.json.local_global_letter.EZ_non_decision_local,-1.0
mturk_covid_DV.json.local_global_letter.EZ_non_decision_neutral,-1.0
mturk_covid_DV.json.local_global_letter.EZ_non_decision_stay,-1.0
mturk_covid_DV.json.local_global_letter.EZ_non_decision_switch,-1.0
mturk_covid_DV.json.local_global_letter.EZ_thresh,1.0
mturk_covid_DV.json.local_global_letter.EZ_thresh_congruent,1.0
mturk_covid_DV.json.local_global_letter.EZ_thresh_global,1.0
mturk_covid_DV.json.local_global_letter.EZ_thresh_incongruent,1.0
mturk_covid_DV.json.local_global_letter.EZ_thresh_local,1.0
mturk_covid_DV.json.local_global_letter.EZ_thresh_neutral,1.0
mturk_covid_DV.json.local_global_letter.EZ_thresh_stay,1.0
mturk_covid_DV.json.local_global_letter.EZ_thresh_switch,1.0
mturk_covid_DV.json.local_global_letter.acc,1.0
mturk_covid_DV.json.local_global_letter.avg_rt,-1.0
mturk_covid_DV.json.local_global_letter.avg_rt_error,1.0
mturk_covid_DV.json.local_global_letter.conflict_EZ_drift,1.0
mturk_covid_DV.json.local_global_letter.conflict_EZ_non_decision,1.0
mturk_covid_DV.json.local_global_letter.conflict_EZ_thresh,1.0
mturk_covid_DV.json.local_global_letter.conflict_acc,1.0
mturk_covid_DV.json.local_global_letter.conflict_hddm_drift,1.0
mturk_covid_DV.json.local_global_letter.conflict_rt,-1.0
mturk_covid_DV.json.local_global_letter.congruency_seq_acc,1.0
mturk_covid_DV.json.local_global_letter.congruency_seq_rt,1.0
mturk_covid_DV.json.local_global_letter.congruent_facilitation_acc,1.0
mturk_covid_DV.json.local_global_letter.congruent_facilitation_rt,-1.0
mturk_covid_DV.json.local_global_letter.congruent_rt,-1.0
mturk_covid_DV.json.local_global_letter.global_bias_EZ_drift,1.0
mturk_covid_DV.json.local_global_letter.global_bias_EZ_non_decision,1.0
mturk_covid_DV.json.local_global_letter.global_bias_EZ_thresh,1.0
mturk_covid_DV.json.local_global_letter.global_bias_acc,1.0
mturk_covid_DV.json.local_global_letter.global_bias_hddm_drift,1.0
mturk_covid_DV.json.local_global_letter.global_bias_rt,-1.0
mturk_covid_DV.json.local_global_letter.global_conflict_rt,-1.0
mturk_covid_DV.json.local_global_letter.global_congruent_errors,-1.0
mturk_covid_DV.json.local_global_letter.global_congruent_rt,-1.0
mturk_covid_DV.json.local_global_letter.global_error_cost,1.0
mturk_covid_DV.json.local_global_letter.global_incongruent_errors,-1.0
mturk_covid_DV.json.local_global_letter.global_incongruent_rt,-1.0
mturk_covid_DV.json.local_global_letter.hddm_drift,1.0
mturk_covid_DV.json.local_global_letter.hddm_drift_congruent,1.0
mturk_covid_DV.json.local_global_letter.hddm_drift_global,1.0
mturk_covid_DV.json.local_global_letter.hddm_drift_incongruent,1.0
mturk_covid_DV.json.local_global_letter.hddm_drift_local,1.0
mturk_covid_DV.json.local_global_letter.hddm_drift_neutral,1.0
mturk_covid_DV.json.local_global_letter.hddm_drift_stay,1.0
mturk_covid_DV.json.local_global_letter.hddm_drift_switch,1.0
mturk_covid_DV.json.local_global_letter.hddm_non_decision,1.0
mturk_covid_DV.json.local_global_letter.hddm_thresh,1.0
mturk_covid_DV.json.local_global_letter.incongruent_harm_acc,1.0
mturk_covid_DV.json.local_global_letter.incongruent_harm_rt,-1.0
mturk_covid_DV.json.local_global_letter.incongruent_rt,-1.0
mturk_covid_DV.json.local_global_letter.local_conflict_rt,-1.0
mturk_covid_DV.json.local_global_letter.local_congruent_errors,-1.0
mturk_covid_DV.json.local_global_letter.local_congruent_rt,-1.0
mturk_covid_DV.json.local_global_letter.local_error_cost,-1.0
mturk_covid_DV.json.local_global_letter.local_incongruent_errors,-1.0
mturk_covid_DV.json.local_global_letter.local_incongruent_rt,-1.0
mturk_covid_DV.json.local_global_letter.missed_percent,-1.0
mturk_covid_DV.json.local_global_letter.post_error_slowing,1.0
mturk_covid_DV.json.local_global_letter.std_rt,1.0
mturk_covid_DV.json.local_global_letter.std_rt_error,1.0
mturk_covid_DV.json.local_global_letter.switch_cost_EZ_drift,1.0
mturk_covid_DV.json.local_global_letter.switch_cost_EZ_non_decision,1.0
mturk_covid_DV.json.local_global_letter.switch_cost_EZ_thresh,1.0
mturk_covid_DV.json.local_global_letter.switch_cost_acc,1.0
mturk_covid_DV.json.local_global_letter.switch_cost_hddm_drift,1.0
mturk_covid_DV.json.local_global_letter.switch_cost_rt,-1.0
mturk_covid_DV.json.loneliness_socialsupport_stress_post_survey__covid.loneliness_post,1.0
mturk_covid_DV.json.loneliness_socialsupport_stress_post_survey__covid.pss_tot_post,1.0
mturk_covid_DV.json.loneliness_socialsupport_stress_post_survey__covid.socsupp_fam_post,1.0
mturk_covid_DV.json.loneliness_socialsupport_stress_post_survey__covid.socsupp_fri_post,1.0
mturk_covid_DV.json.loneliness_socialsupport_stress_post_survey__covid.socsupp_so_post,1.0
mturk_covid_DV.json.loneliness_socialsupport_stress_post_survey__covid.socsupp_tot_post,1.0
mturk_covid_DV.json.loneliness_socialsupport_stress_pre_survey__covid.loneliness_pre,1.0
mturk_covid_DV.json.loneliness_socialsupport_stress_pre_survey__covid.pss_tot_pre,1.0
mturk_covid_DV.json.loneliness_socialsupport_stress_pre_survey__covid.socsupp_fam_pre,1.0
mturk_covid_DV.json.loneliness_socialsupport_stress_pre_survey__covid.socsupp_fri_pre,1.0
mturk_covid_DV.json.loneliness_socialsupport_stress_pre_survey__covid.socsupp_so_pre,1.0
mturk_covid_DV.json.loneliness_socialsupport_stress_pre_survey__covid.socsupp_tot_pre,1.0
mturk_covid_DV.json.mindful_attention_awareness_survey.mindfulness,1.0
mturk_covid_DV.json.mindset_illness_stress_survey__covid.mindset_illness_ind,1.0
mturk_covid_DV.json.mindset_illness_stress_survey__covid.mindset_illness_soc,1.0
mturk_covid_DV.json.mindset_illness_stress_survey__covid.mindset_illness_tot,1.0
mturk_covid_DV.json.mindset_illness_stress_survey__covid.mindset_stress,1.0
mturk_covid_DV.json.motor_selective_stop_signal.EZ_drift,1.0
mturk_covid_DV.json.motor_selective_stop_signal.EZ_non_decision,-1.0
mturk_covid_DV.json.motor_selective_stop_signal.EZ_thresh,1.0
mturk_covid_DV.json.motor_selective_stop_signal.SSRT,-1.0
mturk_covid_DV.json.motor_selective_stop_signal.SS_delay,1.0
mturk_covid_DV.json.motor_selective_stop_signal.go_acc,1.0
mturk_covid_DV.json.motor_selective_stop_signal.go_rt,-1.0
mturk_covid_DV.json.motor_selective_stop_signal.go_rt_error,-1.0
mturk_covid_DV.json.motor_selective_stop_signal.go_rt_std,1.0
mturk_covid_DV.json.motor_selective_stop_signal.go_rt_std_error,1.0
mturk_covid_DV.json.motor_selective_stop_signal.hddm_drift,1.0
mturk_covid_DV.json.motor_selective_stop_signal.hddm_drift_critical,1.0
mturk_covid_DV.json.motor_selective_stop_signal.hddm_drift_go,1.0
mturk_covid_DV.json.motor_selective_stop_signal.hddm_drift_ignore,1.0
mturk_covid_DV.json.motor_selective_stop_signal.hddm_drift_non-critical,1.0
mturk_covid_DV.json.motor_selective_stop_signal.hddm_non_decision,1.0
mturk_covid_DV.json.motor_selective_stop_signal.hddm_thresh,1.0
mturk_covid_DV.json.motor_selective_stop_signal.ignore_acc,1.0
mturk_covid_DV.json.motor_selective_stop_signal.ignore_rt_error,-1.0
mturk_covid_DV.json.motor_selective_stop_signal.ignore_rt_error_std,1.0
mturk_covid_DV.json.motor_selective_stop_signal.proactive_control_hddm_drift,1.0
mturk_covid_DV.json.motor_selective_stop_signal.proactive_control_rt,1.0
mturk_covid_DV.json.motor_selective_stop_signal.reactive_control_hddm_drift,1.0
mturk_covid_DV.json.motor_selective_stop_signal.reactive_control_rt,-1.0
mturk_covid_DV.json.motor_selective_stop_signal.stop_acc,1.0
mturk_covid_DV.json.motor_selective_stop_signal.stop_rt_error,-1.0
mturk_covid_DV.json.motor_selective_stop_signal.stop_rt_error_std,1.0
mturk_covid_DV.json.mpq_control_survey.control,1.0
mturk_covid_DV.json.probabilistic_selection.approach_trial_acc,1.0
mturk_covid_DV.json.probabilistic_selection.approach_trial_rt,-1.0
mturk_covid_DV.json.probabilistic_selection.avoid_trial_acc,1.0
mturk_covid_DV.json.probabilistic_selection.avoid_trial_rt,-1.0
mturk_covid_DV.json.probabilistic_selection.log_ll,1.0
mturk_covid_DV.json.probabilistic_selection.missed_percent,-1.0
mturk_covid_DV.json.probabilistic_selection.num_trials,1.0
mturk_covid_DV.json.probabilistic_selection.overall_test_acc,1.0
mturk_covid_DV.json.probabilistic_selection.positive_learning_bias,1.0
mturk_covid_DV.json.probabilistic_selection.value_sensitivity,1.0
mturk_covid_DV.json.psychological_refractory_period_two_choices.PRP_slope,1.0
mturk_covid_DV.json.psychological_refractory_period_two_choices.PRP_slowing,1.0
mturk_covid_DV.json.psychological_refractory_period_two_choices.log_ll,1.0
mturk_covid_DV.json.psychological_refractory_period_two_choices.missed_percent,-1.0
mturk_covid_DV.json.psychological_refractory_period_two_choices.num_trials,1.0
mturk_covid_DV.json.psychological_refractory_period_two_choices.task1_acc,1.0
mturk_covid_DV.json.psychological_refractory_period_two_choices.task2_acc,1.0
mturk_covid_DV.json.psychopathology_aes_survey__covid.psych_aes,1.0
mturk_covid_DV.json.psychopathology_eat26_survey__covid.psych_eat26,1.0
mturk_covid_DV.json.psychopathology_lsas_survey__covid.psych_lsas_total,1.0
mturk_covid_DV.json.psychopathology_ocir_survey__covid.psych_ocir,1.0
mturk_covid_DV.json.psychopathology_sds_survey__covid.psych_sds,1.0
mturk_covid_DV.json.psychopathology_sms_survey__covid.psych_sms,1.0
mturk_covid_DV.json.psychopathology_stai_survey__covid.psych_stai,1.0
mturk_covid_DV.json.ravens.score,1.0
mturk_covid_DV.json.recent_probes.EZ_drift,1.0
mturk_covid_DV.json.recent_probes.EZ_drift_rec_neg,1.0
mturk_covid_DV.json.recent_probes.EZ_drift_rec_pos,1.0
mturk_covid_DV.json.recent_probes.EZ_drift_xrec,1.0
mturk_covid_DV.json.recent_probes.EZ_drift_xrec_neg,1.0
mturk_covid_DV.json.recent_probes.EZ_drift_xrec_pos,1.0
mturk_covid_DV.json.recent_probes.EZ_non_decision,-1.0
mturk_covid_DV.json.recent_probes.EZ_non_decision_rec_neg,-1.0
mturk_covid_DV.json.recent_probes.EZ_non_decision_rec_pos,-1.0
mturk_covid_DV.json.recent_probes.EZ_non_decision_xrec,-1.0
mturk_covid_DV.json.recent_probes.EZ_non_decision_xrec_neg,-1.0
mturk_covid_DV.json.recent_probes.EZ_non_decision_xrec_pos,-1.0
mturk_covid_DV.json.recent_probes.EZ_thresh,1.0
mturk_covid_DV.json.recent_probes.EZ_thresh_rec_neg,1.0
mturk_covid_DV.json.recent_probes.EZ_thresh_rec_pos,1.0
mturk_covid_DV.json.recent_probes.EZ_thresh_xrec,1.0
mturk_covid_DV.json.recent_probes.EZ_thresh_xrec_neg,1.0
mturk_covid_DV.json.recent_probes.EZ_thresh_xrec_pos,1.0
mturk_covid_DV.json.recent_probes.acc,1.0
mturk_covid_DV.json.recent_probes.avg_rt,-1.0
mturk_covid_DV.json.recent_probes.avg_rt_error,1.0
mturk_covid_DV.json.recent_probes.hddm_drift,1.0
mturk_covid_DV.json.recent_probes.hddm_drift_rec_neg,1.0
mturk_covid_DV.json.recent_probes.hddm_drift_rec_pos,1.0
mturk_covid_DV.json.recent_probes.hddm_drift_xrec_neg,1.0
mturk_covid_DV.json.recent_probes.hddm_drift_xrec_pos,1.0
mturk_covid_DV.json.recent_probes.hddm_non_decision,1.0
mturk_covid_DV.json.recent_probes.hddm_thresh,1.0
mturk_covid_DV.json.recent_probes.missed_percent,-1.0
mturk_covid_DV.json.recent_probes.post_error_slowing,1.0
mturk_covid_DV.json.recent_probes.proactive_interference_EZ_drift,1.0
mturk_covid_DV.json.recent_probes.proactive_interference_EZ_non_decision,1.0
mturk_covid_DV.json.recent_probes.proactive_interference_EZ_thresh,1.0
mturk_covid_DV.json.recent_probes.proactive_interference_acc,1.0
mturk_covid_DV.json.recent_probes.proactive_interference_hddm_drift,1.0
mturk_covid_DV.json.recent_probes.proactive_interference_rt,-1.0
mturk_covid_DV.json.recent_probes.std_rt,1.0
mturk_covid_DV.json.recent_probes.std_rt_error,1.0
mturk_covid_DV.json.selection_optimization_compensation_survey_correctlayout.compensation,1.0
mturk_covid_DV.json.selection_optimization_compensation_survey_correctlayout.elective_selection,1.0
mturk_covid_DV.json.selection_optimization_compensation_survey_correctlayout.loss_based_selection,1.0
mturk_covid_DV.json.selection_optimization_compensation_survey_correctlayout.optimization,1.0
mturk_covid_DV.json.self_regulation_survey.control,1.0
mturk_covid_DV.json.sensation_seeking_survey_correctlayout.boredom_susceptibility,1.0
mturk_covid_DV.json.sensation_seeking_survey_correctlayout.disinhibition,1.0
mturk_covid_DV.json.sensation_seeking_survey_correctlayout.experience_seeking,1.0
mturk_covid_DV.json.sensation_seeking_survey_correctlayout.thrill_adventure_seeking,1.0
mturk_covid_DV.json.sensation_seeking_survey_correctlayout.total,1.0
mturk_covid_DV.json.shape_matching.EZ_drift,1.0
mturk_covid_DV.json.shape_matching.EZ_drift_DDD,1.0
mturk_covid_DV.json.shape_matching.EZ_drift_DDS,1.0
mturk_covid_DV.json.shape_matching.EZ_drift_DNN,1.0
mturk_covid_DV.json.shape_matching.EZ_drift_DSD,1.0
mturk_covid_DV.json.shape_matching.EZ_drift_SDD,1.0
mturk_covid_DV.json.shape_matching.EZ_drift_SNN,1.0
mturk_covid_DV.json.shape_matching.EZ_drift_SSS,1.0
mturk_covid_DV.json.shape_matching.EZ_non_decision,-1.0
mturk_covid_DV.json.shape_matching.EZ_non_decision_DDD,-1.0
mturk_covid_DV.json.shape_matching.EZ_non_decision_DDS,-1.0
mturk_covid_DV.json.shape_matching.EZ_non_decision_DNN,-1.0
mturk_covid_DV.json.shape_matching.EZ_non_decision_DSD,-1.0
mturk_covid_DV.json.shape_matching.EZ_non_decision_SDD,-1.0
mturk_covid_DV.json.shape_matching.EZ_non_decision_SNN,-1.0
mturk_covid_DV.json.shape_matching.EZ_non_decision_SSS,-1.0
mturk_covid_DV.json.shape_matching.EZ_thresh,1.0
mturk_covid_DV.json.shape_matching.EZ_thresh_DDD,1.0
mturk_covid_DV.json.shape_matching.EZ_thresh_DDS,1.0
mturk_covid_DV.json.shape_matching.EZ_thresh_DNN,1.0
mturk_covid_DV.json.shape_matching.EZ_thresh_DSD,1.0
mturk_covid_DV.json.shape_matching.EZ_thresh_SDD,1.0
mturk_covid_DV.json.shape_matching.EZ_thresh_SNN,1.0
mturk_covid_DV.json.shape_matching.EZ_thresh_SSS,1.0
mturk_covid_DV.json.shape_matching.acc,1.0
mturk_covid_DV.json.shape_matching.avg_rt,-1.0
mturk_covid_DV.json.shape_matching.avg_rt_error,1.0
mturk_covid_DV.json.shape_matching.hddm_drift,1.0
mturk_covid_DV.json.shape_matching.hddm_drift_SDD,1.0
mturk_covid_DV.json.shape_matching.hddm_drift_SNN,1.0
mturk_covid_DV.json.shape_matching.hddm_non_decision,1.0
mturk_covid_DV.json.shape_matching.hddm_thresh,1.0
mturk_covid_DV.json.shape_matching.missed_percent,-1.0
mturk_covid_DV.json.shape_matching.negative_priming,1.0
mturk_covid_DV.json.shape_matching.positive_priming,1.0
mturk_covid_DV.json.shape_matching.post_error_slowing,1.0
mturk_covid_DV.json.shape_matching.prime_trials,1.0
mturk_covid_DV.json.shape_matching.std_rt,1.0
mturk_covid_DV.json.shape_matching.std_rt_error,1.0
mturk_covid_DV.json.shape_matching.stimulus_interference_EZ_drift,1.0
mturk_covid_DV.json.shape_matching.stimulus_interference_EZ_non_decision,1.0
mturk_covid_DV.json.shape_matching.stimulus_interference_EZ_thresh,1.0
mturk_covid_DV.json.shape_matching.stimulus_interference_acc,-1.0
mturk_covid_DV.json.shape_matching.stimulus_interference_hddm_drift,1.0
mturk_covid_DV.json.shape_matching.stimulus_interference_rt,-1.0
mturk_covid_DV.json.shift_task.acc,1.0
mturk_covid_DV.json.shift_task.avg_rt,-1.0
mturk_covid_DV.json.shift_task.conceptual_responses,1.0
mturk_covid_DV.json.shift_task.fail_to_maintain_set,1.0
mturk_covid_DV.json.shift_task.learning_rate,1.0
mturk_covid_DV.json.shift_task.learning_to_learn,1.0
mturk_covid_DV.json.shift_task.log_ll,1.0
mturk_covid_DV.json.shift_task.missed_percent,-1.0
mturk_covid_DV.json.shift_task.model_beta,1.0
mturk_covid_DV.json.shift_task.model_decay,-1.0
mturk_covid_DV.json.shift_task.model_fit,1.0
mturk_covid_DV.json.shift_task.model_learning_rate,1.0
mturk_covid_DV.json.shift_task.nonperseverative_errors,-1.0
mturk_covid_DV.json.shift_task.num_trials,1.0
mturk_covid_DV.json.shift_task.perseverative_errors,-1.0
mturk_covid_DV.json.shift_task.perseverative_responses,-1.0
mturk_covid_DV.json.shift_task.post_error_slowing,1.0
mturk_covid_DV.json.shift_task.std_rt,1.0
mturk_covid_DV.json.shift_task.total_errors,-1.0
mturk_covid_DV.json.simon.EZ_drift,1.0
mturk_covid_DV.json.simon.EZ_drift_congruent,1.0
mturk_covid_DV.json.simon.EZ_drift_incongruent,1.0
mturk_covid_DV.json.simon.EZ_non_decision,-1.0
mturk_covid_DV.json.simon.EZ_non_decision_congruent,-1.0
mturk_covid_DV.json.simon.EZ_non_decision_incongruent,-1.0
mturk_covid_DV.json.simon.EZ_thresh,1.0
mturk_covid_DV.json.simon.EZ_thresh_congruent,1.0
mturk_covid_DV.json.simon.EZ_thresh_incongruent,1.0
mturk_covid_DV.json.simon.acc,1.0
mturk_covid_DV.json.simon.avg_rt,-1.0
mturk_covid_DV.json.simon.avg_rt_error,1.0
mturk_covid_DV.json.simon.congruency_seq_acc,1.0
mturk_covid_DV.json.simon.congruency_seq_rt,1.0
mturk_covid_DV.json.simon.congruent_acc,1.0
mturk_covid_DV.json.simon.congruent_avg_rt,-1.0
mturk_covid_DV.json.simon.congruent_sd_rt,1.0
mturk_covid_DV.json.simon.hddm_drift,1.0
mturk_covid_DV.json.simon.hddm_drift_congruent,1.0
mturk_covid_DV.json.simon.hddm_drift_incongruent,1.0
mturk_covid_DV.json.simon.hddm_non_decision,1.0
mturk_covid_DV.json.simon.hddm_thresh,1.0
mturk_covid_DV.json.simon.incongruent_acc,1.0
mturk_covid_DV.json.simon.incongruent_avg_rt,-1.0
mturk_covid_DV.json.simon.incongruent_sd_rt,1.0
mturk_covid_DV.json.simon.missed_percent,-1.0
mturk_covid_DV.json.simon.post_error_slowing,1.0
mturk_covid_DV.json.simon.simon_EZ_drift,1.0
mturk_covid_DV.json.simon.simon_EZ_non_decision,1.0
mturk_covid_DV.json.simon.simon_EZ_thresh,1.0
mturk_covid_DV.json.simon.simon_acc,1.0
mturk_covid_DV.json.simon.simon_hddm_drift,1.0
mturk_covid_DV.json.simon.simon_rt,-1.0
mturk_covid_DV.json.simon.std_rt,1.0
mturk_covid_DV.json.simon.std_rt_error,1.0
mturk_covid_DV.json.simple_reaction_time.avg_rt,1.0
mturk_covid_DV.json.simple_reaction_time.missed_percent,-1.0
mturk_covid_DV.json.simple_reaction_time.std_rt,1.0
mturk_covid_DV.json.spatial_span.forward_span,1.0
mturk_covid_DV.json.spatial_span.reverse_span,1.0
mturk_covid_DV.json.stim_selective_stop_signal.EZ_drift,1.0
mturk_covid_DV.json.stim_selective_stop_signal.EZ_non_decision,-1.0
mturk_covid_DV.json.stim_selective_stop_signal.EZ_thresh,1.0
mturk_covid_DV.json.stim_selective_stop_signal.SSRT,-1.0
mturk_covid_DV.json.stim_selective_stop_signal.SS_delay,1.0
mturk_covid_DV.json.stim_selective_stop_signal.go_acc,1.0
mturk_covid_DV.json.stim_selective_stop_signal.go_rt,-1.0
mturk_covid_DV.json.stim_selective_stop_signal.go_rt_error,-1.0
mturk_covid_DV.json.stim_selective_stop_signal.go_rt_std,1.0
mturk_covid_DV.json.stim_selective_stop_signal.go_rt_std_error,1.0
mturk_covid_DV.json.stim_selective_stop_signal.hddm_drift,1.0
mturk_covid_DV.json.stim_selective_stop_signal.hddm_drift_go,1.0
mturk_covid_DV.json.stim_selective_stop_signal.hddm_drift_ignore,1.0
mturk_covid_DV.json.stim_selective_stop_signal.hddm_non_decision,1.0
mturk_covid_DV.json.stim_selective_stop_signal.hddm_thresh,1.0
mturk_covid_DV.json.stim_selective_stop_signal.ignore_acc,1.0
mturk_covid_DV.json.stim_selective_stop_signal.ignore_rt_error,-1.0
mturk_covid_DV.json.stim_selective_stop_signal.ignore_rt_error_std,1.0
mturk_covid_DV.json.stim_selective_stop_signal.reactive_control_hddm_drift,1.0
mturk_covid_DV.json.stim_selective_stop_signal.reactive_control_rt,-1.0
mturk_covid_DV.json.stim_selective_stop_signal.stop_acc,1.0
mturk_covid_DV.json.stim_selective_stop_signal.stop_rt_error,-1.0
mturk_covid_DV.json.stim_selective_stop_signal.stop_rt_error_std,1.0
mturk_covid_DV.json.stop_signal.EZ_drift,1.0
mturk_covid_DV.json.stop_signal.EZ_non_decision,-1.0
mturk_covid_DV.json.stop_signal.EZ_thresh,1.0
mturk_covid_DV.json.stop_signal.SSRT,-1.0
mturk_covid_DV.json.stop_signal.SSRT_high,-1.0
mturk_covid_DV.json.stop_signal.SSRT_low,-1.0
mturk_covid_DV.json.stop_signal.SS_delay,1.0
mturk_covid_DV.json.stop_signal.commission_errors,-1.0
mturk_covid_DV.json.stop_signal.go_acc,1.0
mturk_covid_DV.json.stop_signal.go_rt,-1.0
mturk_covid_DV.json.stop_signal.go_rt_error,-1.0
mturk_covid_DV.json.stop_signal.go_rt_std,1.0
mturk_covid_DV.json.stop_signal.go_rt_std_error,1.0
mturk_covid_DV.json.stop_signal.hddm_drift,1.0
mturk_covid_DV.json.stop_signal.hddm_drift_high,1.0
mturk_covid_DV.json.stop_signal.hddm_drift_low,1.0
mturk_covid_DV.json.stop_signal.hddm_non_decision,1.0
mturk_covid_DV.json.stop_signal.hddm_thresh,1.0
mturk_covid_DV.json.stop_signal.hddm_thresh_high,1.0
mturk_covid_DV.json.stop_signal.hddm_thresh_low,1.0
mturk_covid_DV.json.stop_signal.inhibition_slope,1.0
mturk_covid_DV.json.stop_signal.log_ll,1.0
mturk_covid_DV.json.stop_signal.num_stop_trials,1.0
mturk_covid_DV.json.stop_signal.omission_errors,-1.0
mturk_covid_DV.json.stop_signal.proactive_SSRT_speeding,1.0
mturk_covid_DV.json.stop_signal.proactive_slowing_hddm_drift,1.0
mturk_covid_DV.json.stop_signal.proactive_slowing_hddm_thresh,1.0
mturk_covid_DV.json.stop_signal.proactive_slowing_rt,1.0
mturk_covid_DV.json.stop_signal.stop_acc,1.0
mturk_covid_DV.json.stop_signal.stop_rt_error,-1.0
mturk_covid_DV.json.stop_signal.stop_rt_error_std,1.0
mturk_covid_DV.json.stop_signal.total_errors,-1.0
mturk_covid_DV.json.stroop.EZ_drift,1.0
mturk_covid_DV.json.stroop.EZ_drift_congruent,1.0
mturk_covid_DV.json.stroop.EZ_drift_incongruent,1.0
mturk_covid_DV.json.stroop.EZ_non_decision,-1.0
mturk_covid_DV.json.stroop.EZ_non_decision_congruent,-1.0
mturk_covid_DV.json.stroop.EZ_non_decision_incongruent,-1.0
mturk_covid_DV.json.stroop.EZ_thresh,1.0
mturk_covid_DV.json.stroop.EZ_thresh_congruent,1.0
mturk_covid_DV.json.stroop.EZ_thresh_incongruent,1.0
mturk_covid_DV.json.stroop.acc,1.0
mturk_covid_DV.json.stroop.avg_rt,-1.0
mturk_covid_DV.json.stroop.avg_rt_error,1.0
mturk_covid_DV.json.stroop.congruency_seq_acc,1.0
mturk_covid_DV.json.stroop.congruency_seq_rt,1.0
mturk_covid_DV.json.stroop.congruent_errors,-1.0
mturk_covid_DV.json.stroop.congruent_rt,-1.0
mturk_covid_DV.json.stroop.errors,-1.0
mturk_covid_DV.json.stroop.hddm_drift,1.0
mturk_covid_DV.json.stroop.hddm_drift_congruent,1.0
mturk_covid_DV.json.stroop.hddm_drift_incongruent,1.0
mturk_covid_DV.json.stroop.hddm_non_decision,1.0
mturk_covid_DV.json.stroop.hddm_thresh,1.0
mturk_covid_DV.json.stroop.incongruent_errors,-1.0
mturk_covid_DV.json.stroop.incongruent_rt,-1.0
mturk_covid_DV.json.stroop.missed_percent,-1.0
mturk_covid_DV.json.stroop.post_error_slowing,1.0
mturk_covid_DV.json.stroop.std_rt,1.0
mturk_covid_DV.json.stroop.std_rt_error,1.0
mturk_covid_DV.json.stroop.stroop_EZ_drift,1.0
mturk_covid_DV.json.stroop.stroop_EZ_non_decision,1.0
mturk_covid_DV.json.stroop.stroop_EZ_thresh,1.0
mturk_covid_DV.json.stroop.stroop_acc,1.0
mturk_covid_DV.json.stroop.stroop_hddm_drift,1.0
mturk_covid_DV.json.stroop.stroop_rt,-1.0
mturk_covid_DV.json.ten_item_personality_survey.agreeableness,1.0
mturk_covid_DV.json.ten_item_personality_survey.conscientiousness,1.0
mturk_covid_DV.json.ten_item_personality_survey.emotional_stability,1.0
mturk_covid_DV.json.ten_item_personality_survey.extraversion,1.0
mturk_covid_DV.json.ten_item_personality_survey.openness,1.0
mturk_covid_DV.json.theories_of_willpower_survey.endorse_limited_resource,-1.0
mturk_covid_DV.json.threebytwo.EZ_drift,1.0
mturk_covid_DV.json.threebytwo.EZ_drift_cue_stay_100.0,1.0
mturk_covid_DV.json.threebytwo.EZ_drift_cue_stay_900.0,1.0
mturk_covid_DV.json.threebytwo.EZ_drift_cue_switch_100.0,1.0
mturk_covid_DV.json.threebytwo.EZ_drift_cue_switch_900.0,1.0
mturk_covid_DV.json.threebytwo.EZ_drift_task_switch_100.0,1.0
mturk_covid_DV.json.threebytwo.EZ_drift_task_switch_900.0,1.0
mturk_covid_DV.json.threebytwo.EZ_non_decision,-1.0
mturk_covid_DV.json.threebytwo.EZ_non_decision_cue_stay_100.0,-1.0
mturk_covid_DV.json.threebytwo.EZ_non_decision_cue_stay_900.0,-1.0
mturk_covid_DV.json.threebytwo.EZ_non_decision_cue_switch_100.0,-1.0
mturk_covid_DV.json.threebytwo.EZ_non_decision_cue_switch_900.0,-1.0
mturk_covid_DV.json.threebytwo.EZ_non_decision_task_switch_100.0,-1.0
mturk_covid_DV.json.threebytwo.EZ_non_decision_task_switch_900.0,-1.0
mturk_covid_DV.json.threebytwo.EZ_thresh,1.0
mturk_covid_DV.json.threebytwo.EZ_thresh_cue_stay_100.0,1.0
mturk_covid_DV.json.threebytwo.EZ_thresh_cue_stay_900.0,1.0
mturk_covid_DV.json.threebytwo.EZ_thresh_cue_switch_100.0,1.0
mturk_covid_DV.json.threebytwo.EZ_thresh_cue_switch_900.0,1.0
mturk_covid_DV.json.threebytwo.EZ_thresh_task_switch_100.0,1.0
mturk_covid_DV.json.threebytwo.EZ_thresh_task_switch_900.0,1.0
mturk_covid_DV.json.threebytwo.acc,1.0
mturk_covid_DV.json.threebytwo.avg_rt,-1.0
mturk_covid_DV.json.threebytwo.avg_rt_error,1.0
mturk_covid_DV.json.threebytwo.cue_switch_cost_EZ_drift_100.0,1.0
mturk_covid_DV.json.threebytwo.cue_switch_cost_EZ_drift_900.0,1.0
mturk_covid_DV.json.threebytwo.cue_switch_cost_EZ_non_decision_100.0,1.0
mturk_covid_DV.json.threebytwo.cue_switch_cost_EZ_non_decision_900.0,1.0
mturk_covid_DV.json.threebytwo.cue_switch_cost_EZ_thresh_100.0,1.0
mturk_covid_DV.json.threebytwo.cue_switch_cost_EZ_thresh_900.0,1.0
mturk_covid_DV.json.threebytwo.cue_switch_cost_acc_100.0,-1.0
mturk_covid_DV.json.threebytwo.cue_switch_cost_acc_900.0,-1.0
mturk_covid_DV.json.threebytwo.cue_switch_cost_hddm_drift,1.0
mturk_covid_DV.json.threebytwo.cue_switch_cost_rt_100.0,-1.0
mturk_covid_DV.json.threebytwo.cue_switch_cost_rt_900.0,-1.0
mturk_covid_DV.json.threebytwo.hddm_drift,1.0
mturk_covid_DV.json.threebytwo.hddm_drift_100.0,1.0
mturk_covid_DV.json.threebytwo.hddm_drift_900.0,1.0
mturk_covid_DV.json.threebytwo.hddm_drift_cue_stay,1.0
mturk_covid_DV.json.threebytwo.hddm_drift_cue_switch,1.0
mturk_covid_DV.json.threebytwo.hddm_drift_task_stay,1.0
mturk_covid_DV.json.threebytwo.hddm_drift_task_switch,1.0
mturk_covid_DV.json.threebytwo.hddm_non_decision,1.0
mturk_covid_DV.json.threebytwo.hddm_thresh,1.0
mturk_covid_DV.json.threebytwo.missed_percent,-1.0
mturk_covid_DV.json.threebytwo.post_error_slowing,1.0
mturk_covid_DV.json.threebytwo.std_rt,1.0
mturk_covid_DV.json.threebytwo.std_rt_error,1.0
mturk_covid_DV.json.threebytwo.task_inhibition_100.0,-1.0
mturk_covid_DV.json.threebytwo.task_inhibition_900.0,-1.0
mturk_covid_DV.json.threebytwo.task_switch_cost_EZ_drift_100.0,1.0
mturk_covid_DV.json.threebytwo.task_switch_cost_EZ_drift_900.0,1.0
mturk_covid_DV.json.threebytwo.task_switch_cost_EZ_non_decision_100.0,1.0
mturk_covid_DV.json.threebytwo.task_switch_cost_EZ_non_decision_900.0,1.0
mturk_covid_DV.json.threebytwo.task_switch_cost_EZ_thresh_100.0,1.0
mturk_covid_DV.json.threebytwo.task_switch_cost_EZ_thresh_900.0,1.0
mturk_covid_DV.json.threebytwo.task_switch_cost_acc_100.0,-1.0
mturk_covid_DV.json.threebytwo.task_switch_cost_acc_900.0,-1.0
mturk_covid_DV.json.threebytwo.task_switch_cost_hddm_drift,1.0
mturk_covid_DV.json.threebytwo.task_switch_cost_rt_100.0,-1.0
mturk_covid_DV.json.threebytwo.task_switch_cost_rt_900.0,-1.0
mturk_covid_DV.json.time_perspective_survey.future,1.0
mturk_covid_DV.json.time_perspective_survey.past_negative,1.0
mturk_covid_DV.json.time_perspective_survey.past_positive,1.0
mturk_covid_DV.json.time_perspective_survey.present_fatalistic,1.0
mturk_covid_DV.json.time_perspective_survey.present_hedonistic,1.0
mturk_covid_DV.json.tower_of_london.avg_move_time,1.0
mturk_covid_DV.json.tower_of_london.num_correct,1.0
mturk_covid_DV.json.tower_of_london.num_extra_moves,-1.0
mturk_covid_DV.json.tower_of_london.num_optimal_solutions,1.0
mturk_covid_DV.json.tower_of_london.planning_time,1.0
mturk_covid_DV.json.tower_of_london.weighted_performance_score,1.0
mturk_covid_DV.json.two_stage_decision.avg_rt,-1.0
mturk_covid_DV.json.two_stage_decision.missed_percent,-1.0
mturk_covid_DV.json.two_stage_decision.model_based,1.0
mturk_covid_DV.json.two_stage_decision.model_free,1.0
mturk_covid_DV.json.two_stage_decision.perseverance,-1.0
mturk_covid_DV.json.upps_impulsivity_survey.lack_of_perseverance,-1.0
mturk_covid_DV.json.upps_impulsivity_survey.lack_of_premeditation,-1.0
mturk_covid_DV.json.upps_impulsivity_survey.negative_urgency,-1.0
mturk_covid_DV.json.upps_impulsivity_survey.positive_urgency,-1.0
mturk_covid_DV.json.upps_impulsivity_survey.sensation_seeking,-1.0
mturk_covid_DV.json.writing_task.neutral_probability,1.0
mturk_covid_DV.json.writing_task.positive_probability,1.0
mturk_covid_DV.json.writing_task.sentiment_label,1.0
probabilistic_selection.approach_trial_acc,1.0
probabilistic_selection.approach_trial_rt,-1.0
probabilistic_selection.avoid_trial_acc,1.0
probabilistic_selection.avoid_trial_rt,-1.0
probabilistic_selection.log_ll,1.0
probabilistic_selection.missed_percent,-1.0
probabilistic_selection.num_trials,1.0
probabilistic_selection.overall_test_acc,1.0
probabilistic_selection.positive_learning_bias,1.0
probabilistic_selection.value_sensitivity,1.0
psychological_refractory_period_two_choices.PRP_slope,1.0
psychological_refractory_period_two_choices.PRP_slowing,1.0
psychological_refractory_period_two_choices.log_ll,1.0
psychological_refractory_period_two_choices.missed_percent,-1.0
psychological_refractory_period_two_choices.num_trials,1.0
psychological_refractory_period_two_choices.task1_acc,1.0
psychological_refractory_period_two_choices.task2_acc,1.0
psychopathology_aes_survey__covid.psych_aes,1.0
psychopathology_eat26_survey__covid.psych_eat26,1.0
psychopathology_lsas_survey__covid.psych_lsas_total,1.0
psychopathology_ocir_survey__covid.psych_ocir,1.0
psychopathology_sds_survey__covid.psych_sds,1.0
psychopathology_sms_survey__covid.psych_sms,1.0
psychopathology_stai_survey__covid.psych_stai,1.0
ravens.score,1.0
recent_probes.EZ_drift,1.0
recent_probes.EZ_drift_rec_neg,1.0
recent_probes.EZ_drift_rec_pos,1.0
recent_probes.EZ_drift_xrec,1.0
recent_probes.EZ_drift_xrec_neg,1.0
recent_probes.EZ_drift_xrec_pos,1.0
recent_probes.EZ_non_decision,-1.0
recent_probes.EZ_non_decision_rec_neg,-1.0
recent_probes.EZ_non_decision_rec_pos,-1.0
recent_probes.EZ_non_decision_xrec,-1.0
recent_probes.EZ_non_decision_xrec_neg,-1.0
recent_probes.EZ_non_decision_xrec_pos,-1.0
recent_probes.EZ_thresh,1.0
recent_probes.EZ_thresh_rec_neg,1.0
recent_probes.EZ_thresh_rec_pos,1.0
recent_probes.EZ_thresh_xrec,1.0
recent_probes.EZ_thresh_xrec_neg,1.0
recent_probes.EZ_thresh_xrec_pos,1.0
recent_probes.acc,1.0
recent_probes.avg_rt,-1.0
recent_probes.avg_rt_error,1.0
recent_probes.hddm_drift,1.0
recent_probes.hddm_drift_rec_neg,1.0
recent_probes.hddm_drift_rec_pos,1.0
recent_probes.hddm_drift_xrec_neg,1.0
recent_probes.hddm_drift_xrec_pos,1.0
recent_probes.hddm_non_decision,1.0
recent_probes.hddm_thresh,1.0
recent_probes.missed_percent,-1.0
recent_probes.post_error_slowing,1.0
recent_probes.proactive_interference_EZ_drift,1.0
recent_probes.proactive_interference_EZ_non_decision,1.0
recent_probes.proactive_interference_EZ_thresh,1.0
recent_probes.proactive_interference_acc,1.0
recent_probes.proactive_interference_hddm_drift,1.0
recent_probes.proactive_interference_rt,-1.0
recent_probes.std_rt,1.0
recent_probes.std_rt_error,1.0
selection_optimization_compensation_survey_correctlayout.compensation,1.0
selection_optimization_compensation_survey_correctlayout.elective_selection,1.0
selection_optimization_compensation_survey_correctlayout.loss_based_selection,1.0
selection_optimization_compensation_survey_correctlayout.optimization,1.0
self_regulation_survey.control,1.0
sensation_seeking_survey_correctlayout.boredom_susceptibility,1.0
sensation_seeking_survey_correctlayout.disinhibition,1.0
sensation_seeking_survey_correctlayout.experience_seeking,1.0
sensation_seeking_survey_correctlayout.thrill_adventure_seeking,1.0
sensation_seeking_survey_correctlayout.total,1.0
shape_matching.EZ_drift,1.0
shape_matching.EZ_drift_DDD,1.0
shape_matching.EZ_drift_DDS,1.0
shape_matching.EZ_drift_DNN,1.0
shape_matching.EZ_drift_DSD,1.0
shape_matching.EZ_drift_SDD,1.0
shape_matching.EZ_drift_SNN,1.0
shape_matching.EZ_drift_SSS,1.0
shape_matching.EZ_non_decision,-1.0
shape_matching.EZ_non_decision_DDD,-1.0
shape_matching.EZ_non_decision_DDS,-1.0
shape_matching.EZ_non_decision_DNN,-1.0
shape_matching.EZ_non_decision_DSD,-1.0
shape_matching.EZ_non_decision_SDD,-1.0
shape_matching.EZ_non_decision_SNN,-1.0
shape_matching.EZ_non_decision_SSS,-1.0
shape_matching.EZ_thresh,1.0
shape_matching.EZ_thresh_DDD,1.0
shape_matching.EZ_thresh_DDS,1.0
shape_matching.EZ_thresh_DNN,1.0
shape_matching.EZ_thresh_DSD,1.0
shape_matching.EZ_thresh_SDD,1.0
shape_matching.EZ_thresh_SNN,1.0
shape_matching.EZ_thresh_SSS,1.0
shape_matching.acc,1.0
shape_matching.avg_rt,-1.0
shape_matching.avg_rt_error,1.0
shape_matching.hddm_drift,1.0
shape_matching.hddm_drift_SDD,1.0
shape_matching.hddm_drift_SNN,1.0
shape_matching.hddm_non_decision,1.0
shape_matching.hddm_thresh,1.0
shape_matching.missed_percent,-1.0
shape_matching.negative_priming,1.0
shape_matching.positive_priming,1.0
shape_matching.post_error_slowing,1.0
shape_matching.prime_trials,1.0
shape_matching.std_rt,1.0
shape_matching.std_rt_error,1.0
shape_matching.stimulus_interference_EZ_drift,1.0
shape_matching.stimulus_interference_EZ_non_decision,1.0
shape_matching.stimulus_interference_EZ_thresh,1.0
shape_matching.stimulus_interference_acc,-1.0
shape_matching.stimulus_interference_hddm_drift,1.0
shape_matching.stimulus_interference_rt,-1.0
shift_task.acc,1.0
shift_task.avg_rt,-1.0
shift_task.conceptual_responses,1.0
shift_task.fail_to_maintain_set,1.0
shift_task.learning_rate,1.0
shift_task.learning_to_learn,1.0
shift_task.log_ll,1.0
shift_task.missed_percent,-1.0
shift_task.model_beta,1.0
shift_task.model_decay,-1.0
shift_task.model_fit,1.0
shift_task.model_learning_rate,1.0
shift_task.nonperseverative_errors,-1.0
shift_task.num_trials,1.0
shift_task.perseverative_errors,-1.0
shift_task.perseverative_responses,-1.0
shift_task.post_error_slowing,1.0
shift_task.std_rt,1.0
shift_task.total_errors,-1.0
simon.EZ_drift,1.0
simon.EZ_drift_congruent,1.0
simon.EZ_drift_incongruent,1.0
simon.EZ_non_decision,-1.0
simon.EZ_non_decision_congruent,-1.0
simon.EZ_non_decision_incongruent,-1.0
simon.EZ_thresh,1.0
simon.EZ_thresh_congruent,1.0
simon.EZ_thresh_incongruent,1.0
simon.acc,1.0
simon.avg_rt,-1.0
simon.avg_rt_error,1.0
simon.congruency_seq_acc,1.0
simon.congruency_seq_rt,1.0
simon.congruent_acc,1.0
simon.congruent_avg_rt,-1.0
simon.congruent_sd_rt,1.0
simon.hddm_drift,1.0
simon.hddm_drift_congruent,1.0
simon.hddm_drift_incongruent,1.0
simon.hddm_non_decision,1.0
simon.hddm_thresh,1.0
simon.incongruent_acc,1.0
simon.incongruent_avg_rt,-1.0
simon.incongruent_sd_rt,1.0
simon.missed_percent,-1.0
simon.post_error_slowing,1.0
simon.simon_EZ_drift,1.0
simon.simon_EZ_non_decision,1.0
simon.simon_EZ_thresh,1.0
simon.simon_acc,1.0
simon.simon_hddm_drift,1.0
simon.simon_rt,-1.0
simon.std_rt,1.0
simon.std_rt_error,1.0
simple_reaction_time.avg_rt,1.0
simple_reaction_time.missed_percent,-1.0
simple_reaction_time.std_rt,1.0
spatial_span.forward_span,1.0
spatial_span.reverse_span,1.0
stim_selective_stop_signal.EZ_drift,1.0
stim_selective_stop_signal.EZ_non_decision,-1.0
stim_selective_stop_signal.EZ_thresh,1.0
stim_selective_stop_signal.SSRT,-1.0
stim_selective_stop_signal.SS_delay,1.0
stim_selective_stop_signal.go_acc,1.0
stim_selective_stop_signal.go_rt,-1.0
stim_selective_stop_signal.go_rt_error,-1.0
stim_selective_stop_signal.go_rt_std,1.0
stim_selective_stop_signal.go_rt_std_error,1.0
stim_selective_stop_signal.hddm_drift,1.0
stim_selective_stop_signal.hddm_drift_go,1.0
stim_selective_stop_signal.hddm_drift_ignore,1.0
stim_selective_stop_signal.hddm_non_decision,1.0
stim_selective_stop_signal.hddm_thresh,1.0
stim_selective_stop_signal.ignore_acc,1.0
stim_selective_stop_signal.ignore_rt_error,-1.0
stim_selective_stop_signal.ignore_rt_error_std,1.0
stim_selective_stop_signal.reactive_control_hddm_drift,1.0
stim_selective_stop_signal.reactive_control_rt,-1.0
stim_selective_stop_signal.stop_acc,1.0
stim_selective_stop_signal.stop_rt_error,-1.0
stim_selective_stop_signal.stop_rt_error_std,1.0
stop_signal.EZ_drift,1.0
stop_signal.EZ_non_decision,-1.0
stop_signal.EZ_thresh,1.0
stop_signal.SSRT,-1.0
stop_signal.SSRT_high,-1.0
stop_signal.SSRT_low,-1.0
stop_signal.SS_delay,1.0
stop_signal.commission_errors,-1.0
stop_signal.go_acc,1.0
stop_signal.go_rt,-1.0
stop_signal.go_rt_error,-1.0
stop_signal.go_rt_std,1.0
stop_signal.go_rt_std_error,1.0
stop_signal.hddm_drift,1.0
stop_signal.hddm_drift_high,1.0
stop_signal.hddm_drift_low,1.0
stop_signal.hddm_non_decision,1.0
stop_signal.hddm_thresh,1.0
stop_signal.hddm_thresh_high,1.0
stop_signal.hddm_thresh_low,1.0
stop_signal.inhibition_slope,1.0
stop_signal.log_ll,1.0
stop_signal.num_stop_trials,1.0
stop_signal.omission_errors,-1.0
stop_signal.proactive_SSRT_speeding,1.0
stop_signal.proactive_slowing_hddm_drift,1.0
stop_signal.proactive_slowing_hddm_thresh,1.0
stop_signal.proactive_slowing_rt,1.0
stop_signal.stop_acc,1.0
stop_signal.stop_rt_error,-1.0
stop_signal.stop_rt_error_std,1.0
stop_signal.total_errors,-1.0
stroop.EZ_drift,1.0
stroop.EZ_drift_congruent,1.0
stroop.EZ_drift_incongruent,1.0
stroop.EZ_non_decision,-1.0
stroop.EZ_non_decision_congruent,-1.0
stroop.EZ_non_decision_incongruent,-1.0
stroop.EZ_thresh,1.0
stroop.EZ_thresh_congruent,1.0
stroop.EZ_thresh_incongruent,1.0
stroop.acc,1.0
stroop.avg_rt,-1.0
stroop.avg_rt_error,1.0
stroop.congruency_seq_acc,1.0
stroop.congruency_seq_rt,1.0
stroop.congruent_errors,-1.0
stroop.congruent_rt,-1.0
stroop.errors,-1.0
stroop.hddm_drift,1.0
stroop.hddm_drift_congruent,1.0
stroop.hddm_drift_incongruent,1.0
stroop.hddm_non_decision,1.0
stroop.hddm_thresh,1.0
stroop.incongruent_errors,-1.0
stroop.incongruent_rt,-1.0
stroop.missed_percent,-1.0
stroop.post_error_slowing,1.0
stroop.std_rt,1.0
stroop.std_rt_error,1.0
stroop.stroop_EZ_drift,1.0
stroop.stroop_EZ_non_decision,1.0
stroop.stroop_EZ_thresh,1.0
stroop.stroop_acc,1.0
stroop.stroop_hddm_drift,1.0
stroop.stroop_rt,-1.0
ten_item_personality_survey.agreeableness,1.0
ten_item_personality_survey.conscientiousness,1.0
ten_item_personality_survey.emotional_stability,1.0
ten_item_personality_survey.extraversion,1.0
ten_item_personality_survey.openness,1.0
theories_of_willpower_survey.endorse_limited_resource,-1.0
threebytwo.EZ_drift,1.0
threebytwo.EZ_drift_cue_stay_100.0,1.0
threebytwo.EZ_drift_cue_stay_900.0,1.0
threebytwo.EZ_drift_cue_switch_100.0,1.0
threebytwo.EZ_drift_cue_switch_900.0,1.0
threebytwo.EZ_drift_task_switch_100.0,1.0
threebytwo.EZ_drift_task_switch_900.0,1.0
threebytwo.EZ_non_decision,-1.0
threebytwo.EZ_non_decision_cue_stay_100.0,-1.0
threebytwo.EZ_non_decision_cue_stay_900.0,-1.0
threebytwo.EZ_non_decision_cue_switch_100.0,-1.0
threebytwo.EZ_non_decision_cue_switch_900.0,-1.0
threebytwo.EZ_non_decision_task_switch_100.0,-1.0
threebytwo.EZ_non_decision_task_switch_900.0,-1.0
threebytwo.EZ_thresh,1.0
threebytwo.EZ_thresh_cue_stay_100.0,1.0
threebytwo.EZ_thresh_cue_stay_900.0,1.0
threebytwo.EZ_thresh_cue_switch_100.0,1.0
threebytwo.EZ_thresh_cue_switch_900.0,1.0
threebytwo.EZ_thresh_task_switch_100.0,1.0
threebytwo.EZ_thresh_task_switch_900.0,1.0
threebytwo.acc,1.0
threebytwo.avg_rt,-1.0
threebytwo.avg_rt_error,1.0
threebytwo.cue_switch_cost_EZ_drift_100.0,1.0
threebytwo.cue_switch_cost_EZ_drift_900.0,1.0
threebytwo.cue_switch_cost_EZ_non_decision_100.0,1.0
threebytwo.cue_switch_cost_EZ_non_decision_900.0,1.0
threebytwo.cue_switch_cost_EZ_thresh_100.0,1.0
threebytwo.cue_switch_cost_EZ_thresh_900.0,1.0
threebytwo.cue_switch_cost_acc_100.0,-1.0
threebytwo.cue_switch_cost_acc_900.0,-1.0
threebytwo.cue_switch_cost_hddm_drift,1.0
threebytwo.cue_switch_cost_rt_100.0,-1.0
threebytwo.cue_switch_cost_rt_900.0,-1.0
threebytwo.hddm_drift,1.0
threebytwo.hddm_drift_100.0,1.0
threebytwo.hddm_drift_900.0,1.0
threebytwo.hddm_drift_cue_stay,1.0
threebytwo.hddm_drift_cue_switch,1.0
threebytwo.hddm_drift_task_stay,1.0
threebytwo.hddm_drift_task_switch,1.0
threebytwo.hddm_non_decision,1.0
threebytwo.hddm_thresh,1.0
threebytwo.missed_percent,-1.0
threebytwo.post_error_slowing,1.0
threebytwo.std_rt,1.0
threebytwo.std_rt_error,1.0
threebytwo.task_inhibition_100.0,-1.0
threebytwo.task_inhibition_900.0,-1.0
threebytwo.task_switch_cost_EZ_drift_100.0,1.0
threebytwo.task_switch_cost_EZ_drift_900.0,1.0
threebytwo.task_switch_cost_EZ_non_decision_100.0,1.0
threebytwo.task_switch_cost_EZ_non_decision_900.0,1.0
threebytwo.task_switch_cost_EZ_thresh_100.0,1.0
threebytwo.task_switch_cost_EZ_thresh_900.0,1.0
threebytwo.task_switch_cost_acc_100.0,-1.0
threebytwo.task_switch_cost_acc_900.0,-1.0
threebytwo.task_switch_cost_hddm_drift,1.0
threebytwo.task_switch_cost_rt_100.0,-1.0
threebytwo.task_switch_cost_rt_900.0,-1.0
time_perspective_survey.future,1.0
time_perspective_survey.past_negative,1.0
time_perspective_survey.past_positive,1.0
time_perspective_survey.present_fatalistic,1.0
time_perspective_survey.present_hedonistic,1.0
tower_of_london.avg_move_time,1.0
tower_of_london.num_correct,1.0
tower_of_london.num_extra_moves,-1.0
tower_of_london.num_optimal_solutions,1.0
tower_of_london.planning_time,1.0
tower_of_london.weighted_performance_score,1.0
two_stage_decision.avg_rt,-1.0
two_stage_decision.missed_percent,-1.0
two_stage_decision.model_based,1.0
two_stage_decision.model_free,1.0
two_stage_decision.perseverance,-1.0
upps_impulsivity_survey.lack_of_perseverance,-1.0
upps_impulsivity_survey.lack_of_premeditation,-1.0
upps_impulsivity_survey.negative_urgency,-1.0
upps_impulsivity_survey.positive_urgency,-1.0
upps_impulsivity_survey.sensation_seeking,-1.0
writing_task.neutral_probability,1.0
writing_task.positive_probability,1.0
writing_task.sentiment_label,1.0
